source,id,synonyms
swiss,1063,spaghetti; penne; rigatoni; fusilli; maccheroni; linguine; farfalle; pasta di semola cotta; pasta cotta
swiss,800,spaghetti secchi; penne secche; pasta di semola; pasta cruda
swiss,1064,spaghetti integrali; penne integrali; pasta integrale cotta
swiss,801,pasta integrale cruda
swiss,82,fior di latte; mozzarella di vacca
swiss,482,parmigiano reggiano; grana
swiss,22,petto di pollo; petto di pollo crudo
swiss,13276,petto di pollo cotto; pollo alla piastra; pollo alla griglia
swiss,1066,riso bianco cotto; riso bollito; riso cotto
swiss,427,riso bianco; riso crudo
swiss,1067,riso integrale cotto
swiss,994,espresso; caffè espresso
swiss,1602,uova strapazzate
swiss,290,uovo intero; uova; uovo crudo
swiss,1070,uovo sodo; uova sode
swiss,591,olio extravergine di oliva; olio evo; olio extra vergine
swiss,14158,base per pizza; impasto per pizza cotto
swiss,1535,pizza
swiss,375,funghi champignon; champignon
swiss,32,bistecca di manzo; bistecca
swiss,14052,cotoletta alla milanese; cotoletta impanata
swiss,13459,pesto alla genovese; pesto
swiss,14197,gnocchi
swiss,378,mele
swiss,401,pesche
swiss,381,banane
swiss,405,arance
swiss,382,pere
swiss,395,kiwi
swiss,348,pomodori
swiss,367,zucchine
swiss,349,melanzane
swiss,368,cipolle
swiss,813,patate crude
swiss,52,yogurt bianco; yogurt naturale intero
swiss,587,yogurt magro; yogurt bianco magro
swiss,62,latte fresco intero
swiss,59,latte fresco parzialmente scremato
swiss,821,pane integrale
swiss,823,pane
swiss,693,prosciutto crudo; crudo di parma
swiss,691,prosciutto cotto; cotto
swiss,417,tonno in scatola al naturale; tonno al naturale
swiss,418,tonno in scatola sott'olio
swiss,273,mandorle crude
swiss,671,minestrone di verdure
swiss,51,burro
