id,name,synonyms,category,kcal,protein_g,carbs_g,fat_g,note
E001,"Orata, cruda","orata d'allevamento",Pesce/Pesci di mare,121,19.8,1.2,3.8,"CREA, approssimato, da verificare"
E002,"Branzino (spigola), crudo","spigola; branzino d'allevamento",Pesce/Pesci di mare,82,16.5,0.6,1.5,"CREA, approssimato, da verificare"
E003,"Sgombro, crudo",maccarello,Pesce/Pesci di mare,170,17.0,0,11.1,"CREA, approssimato, da verificare"
E004,"Pesce spada, crudo",,Pesce/Pesci di mare,118,16.9,1.0,4.2,"CREA, approssimato, da verificare"
E005,"Alici (acciughe) fresche, crude",acciughe,Pesce/Pesci di mare,96,16.8,1.5,2.6,"CREA, approssimato, da verificare"
E006,"Polpo, crudo",,Pesce/Frutti di mare e crostacei,57,10.6,1.4,1.0,"CREA, approssimato, da verificare"
E007,"Seppia, cruda",,Pesce/Frutti di mare e crostacei,72,14.0,0.7,1.5,"CREA, approssimato, da verificare"
E008,"Vongole, crude (polpa)",,Pesce/Frutti di mare e crostacei,72,10.2,2.2,2.5,"CREA, approssimato, da verificare"
E010,"Yogurt greco, intero (5 % di grassi)",yogurt greco naturale,Latte e prodotti di latte/Yogurt,97,9.0,4.0,5.0,"media etichette, da verificare"
E011,"Yogurt greco, 2 % di grassi",,Latte e prodotti di latte/Yogurt,73,10.0,3.8,2.0,"media etichette, da verificare"
E012,"Yogurt greco, 0 % di grassi",yogurt greco magro,Latte e prodotti di latte/Yogurt,57,10.3,4.0,0.2,"media etichette, da verificare"
E013,Mozzarella di bufala,,Latte e prodotti di latte/Formaggio fresco,288,16.7,0.4,24.4,"CREA, approssimato, da verificare"
E014,Burrata,,Latte e prodotti di latte/Formaggio fresco,350,12.0,2.0,33.0,"media etichette, da verificare"
E015,Stracchino,crescenza,Latte e prodotti di latte/Formaggio fresco,300,18.5,0,25.1,"CREA, approssimato, da verificare"
E016,Ricotta di vacca,,Latte e prodotti di latte/Formaggio fresco,146,8.8,3.5,10.9,"CREA, approssimato, da verificare"
E017,Pecorino romano,,Latte e prodotti di latte/Formaggio a pasta dura,392,28.0,0,31.8,"CREA, approssimato, da verificare"
E018,Grana Padano,,Latte e prodotti di latte/Formaggio a pasta dura,384,33.0,0,28.0,"CREA, approssimato, da verificare"
E019,Scamorza,provola,Latte e prodotti di latte/Formaggio,334,25.0,1.0,25.6,"CREA, approssimato, da verificare"
E020,Guanciale,,Prodotti carnei e insaccati,650,10.0,0,68.0,"media etichette, da verificare"
E021,Speck dell'Alto Adige,,Prodotti carnei e insaccati,300,30.0,0.5,19.0,"media etichette, da verificare"
E022,"Pane comune italiano (tipo 0)",pane casereccio; pane bianco; rosetta; ciabatta,"Pane, fiocchi e cereali per la prima colazione/Pane",275,8.1,63.5,0.5,"CREA, approssimato, da verificare"
E023,Focaccia genovese,,"Pane, fiocchi e cereali per la prima colazione/Pane",311,7.5,48.0,10.0,"media etichette, da verificare"
E024,Piadina romagnola,,"Pane, fiocchi e cereali per la prima colazione/Pane",309,8.0,46.0,10.0,"media etichette, da verificare"
E025,Taralli,,Snack salati,430,9.0,60.0,17.0,"media etichette, da verificare"
E026,"Farro perlato, crudo",,"Prodotti a base di cereali, legumi e patate/Cereali",335,15.1,67.1,2.5,"CREA, approssimato, da verificare"
E027,"Farro perlato, cotto",,"Prodotti a base di cereali, legumi e patate/Cereali",120,5.2,24.0,0.9,"CREA, approssimato, da verificare"
E028,"Fave fresche, crude",,Verdure/Verdure fresche,41,5.4,4.5,0.4,"CREA, approssimato, da verificare"
E029,"Fave secche sgusciate, crude",,"Prodotti a base di cereali, legumi e patate/Legumi",341,27.2,55.4,3.0,"CREA, approssimato, da verificare"
E030,"Fagioli cannellini, lessati",fagioli bianchi,"Prodotti a base di cereali, legumi e patate/Legumi",91,6.9,13.2,0.8,"CREA, approssimato, da verificare"
E031,"Fagioli borlotti, lessati",,"Prodotti a base di cereali, legumi e patate/Legumi",95,7.2,13.5,0.7,"CREA, approssimato, da verificare"
E032,"Fagioli cannellini, in scatola, scolati",,"Prodotti a base di cereali, legumi e patate/Legumi",91,6.9,13.2,0.8,"CREA, approssimato, da verificare"
E033,"Fagioli borlotti, in scatola, scolati",,"Prodotti a base di cereali, legumi e patate/Legumi",90,6.4,13.0,0.7,"CREA, approssimato, da verificare"
E034,"Pomodorini ciliegino, crudi",pomodoro datterino; pachino,Verdure/Verdure fresche,24,1.0,4.0,0.2,"CREA, approssimato, da verificare"
E035,Passata di pomodoro,,Diversi/Salse,28,1.5,4.5,0.3,"media etichette, da verificare"
E036,"Sugo al pomodoro, pronto (con olio)",,Diversi/Salse,60,1.5,6.0,3.5,"media etichette, da verificare"
E037,Ragù alla bolognese,,Diversi/Salse,150,9.0,5.0,10.0,"media etichette, da verificare"
E038,"Cioccolato fondente (70 % di cacao)",cioccolato amaro,Dolciumi/Cioccolato e prodotti al cioccolato,580,8.0,33.0,42.0,"media etichette, da verificare"
