1736	cooked
1505	raw
1018	Beef
771	separable lean and fat
673	separable lean only
504	boneless
474	canned
473	trimmed to 0" fat
405	trimmed to 1/8" fat
385	Pork
362	roasted
356	boiled
346	choice
328	frozen
307	fresh
298	Lamb
289	imported
281	drained
278	Beverages
255	all grades
251	select
248	braised
246	without salt
245	loin
242	Fish
238	with salt
236	Babyfood
232	Chicken
182	New Zealand
180	broiled
167	round
164	Soup
160	bone-in
157	grilled
156	white
151	meat only
149	dry
145	mature seeds
144	Snacks
138	Turkey
135	Candies
132	Cheese
124	meat and skin
124	Beans
120	dry mix
120	chuck
118	broilers or fryers
116	cured
115	Australian
111	Veal
110	solids and liquids
109	steak
108	Cereals ready-to-eat
108	ground
103	whole
102	shoulder
101	variety meats and by-products
100	plain
100	Infant formula
99	Nuts
99	rib
94	Fast foods
89	powder
88	Potatoes
87	unprepared
87	regular
86	dried
85	Cereals
84	Bread
81	Cookies
77	enriched
77	Oil
76	strained
75	dry heat
74	green
72	red
71	QUAKER
70	sweet
70	leg
68	yellow
68	trimmed to 1/4" fat
67	unsweetened
67	chocolate
65	baked
65	Alcoholic beverage
64	unenriched
63	Restaurant
61	with added solution
60	mixed species
59	Game meat
59	Sauce
59	Corn
58	Yogurt
57	instant
57	MEAD JOHNSON
57	junior
57	Milk
57	commercially prepared
57	Salad dressing
56	breast
55	fruit
55	ready-to-serve
52	roast
51	Seeds
51	Squash
50	lip-on
50	Crackers
49	Puddings
49	unheated
49	short loin
49	composite of trimmed retail cuts
49	Egg
48	reduced fat
48	fried
48	with ARA and DHA
48	condensed
48	Rice
47	dinner
47	salmon
46	MARS SNACKFOOD US
46	ham
45	heated
45	Cake
44	stewed
44	tenderloin
44	drained solids
44	prepared with water
44	McDONALD'S
43	prepared from recipe
43	Sausage
43	Flour
42	Spices
41	fluid
41	Peppers
41	tea
40	prepared with equal volume water
40	drumstick
39	vanilla
39	thigh
38	light
38	prepared with whole milk
37	low sodium
37	dark meat
37	wine
36	Fried Chicken
36	wing
35	prepared
35	pan-fried
35	brisket
35	bottom round
35	nonfat
34	cereal
34	sweetened
33	raw (Alaska Native)
33	with iron
33	table
32	Mollusks
32	immature seeds
32	ENFAMIL
31	meat
31	small end (ribs 10-12)
31	Greek
31	industrial
30	smoked
30	sprouted
30	ready-to-feed
29	top round
29	MALT-O-MEAL
29	Peas
29	Chinese
28	Pie
28	lowfat
28	frozen concentrate
28	bottled
28	no salt added
28	with salt added
28	Crustaceans
28	Apples
28	oatmeal
28	wheat
27	toasted
27	Ice creams
27	wild
27	low fat
27	Mushrooms
27	top loin steak
27	ABBOTT NUTRITION
27	Pasta
27	peanut butter
26	liver
26	kidney
26	whole (arm and blade)
25	blade
25	simmered
25	snap
25	Atlantic
25	gluten-free
24	with skin
24	winter
24	Cabbage
24	lip off
24	flat half
24	lemon
24	not reconstituted
24	rib eye steak
24	plate steak
24	ready-to-drink
24	vegetables
23	NESTLE
23	uncooked
23	summer
23	SIMILAC
23	rotisserie
23	soymilk
22	prepared-from-recipe
22	low calorie
22	reduced sodium
22	shank
22	slice
22	ham with natural juices
22	dry roasted
22	Wheat flour
22	KFC
22	shoulder clod
22	arm
22	water
21	french fried
21	Frozen novelties
21	coffee
21	dessert
21	top sirloin
21	whole grain
21	black
21	all classes
21	light meat
21	Rolls
21	Pears
20	pan-broiled
20	regular pack
20	porterhouse steak
20	Gravy
20	Muffins
20	POST
20	juice
20	Spinach
20	pizza
19	refrigerated dough
19	microwaved
19	soft
19	salted
19	refrigerated
19	OCEAN SPRAY
19	chopped
19	grass-fed
19	flank
19	t-bone steak
19	Onions
19	back
19	retail parts
19	carbonated
19	potato chips
19	Lima beans
19	Peaches
18	fat-free
18	ham -- water added
18	ham and water product
18	mashed
18	Tomatoes
18	tip round
18	sulfured
18	mock tender steak
18	BURGER KING
18	Ostrich
18	Carrots
18	no sugar added
17	chocolate chip
17	Syrups
17	Latino
17	separable fat
17	sliced
17	Broccoli
17	without salt added
17	large end (ribs 6-9)
17	Margarine-like
17	CHOBANI
17	cooked with water
17	Tofu
17	Archway Home Style Cookies
17	Peanuts
17	Italian
17	Mild
16	reduced calorie
16	Frankfurter
16	toddler
16	Apricots
16	Cherries
16	rump
16	whole-wheat
16	commercial
16	unsalted
16	heart
16	oyster
16	oil roasted
16	arm pot roast
16	prime
16	top loin
16	fat free
16	GERBER
16	skin and breading removed
16	with added vitamin A and vitamin D
16	domesticated
16	from whole bird
16	Wagyu
16	moist heat
16	tuna
16	bison
16	Cream
15	granola bars
15	hard
15	prepared with 2% milk
15	Cornmeal
15	top round steak
15	canned or bottled
15	Pancakes
15	brown
15	patty
15	Noodles
15	brewed
15	with added calcium
15	fortified
15	Margarine
15	Pie crust
15	American
15	popcorn
15	bacon
14	eye of round
14	heavy syrup pack
14	water pack
14	with added ascorbic acid
14	top loin (chops)
14	pan-broil
14	shank half
14	Cowpeas
14	all types
14	Soybeans
14	pinto
14	chestnuts
14	long-grain
14	eye of round roast
14	top round roast
14	tenderloin roast
14	decaffeinated
14	foreshank
14	whole (shank and sirloin)
14	fast roasted
14	blueberry
14	Formulated bar
14	Duck
14	Mushroom
14	liquid concentrate
14	Pineapple
14	Lettuce
14	Fast Food
13	breaded
13	heavy syrup
13	Orange juice
13	pasteurized process
13	Sweet potato
13	home-prepared
13	ready-to-eat
13	Frostings
13	Pacific
13	family style
13	tub
13	vegetable oil spread
13	tenderloin steak
13	BREYERS
13	School Lunch
13	WENDY'S
13	POPEYES
13	meat and skin with breading
13	whole milk
13	with added vitamin D
13	Instant Oatmeal
13	V8 SPLASH Juice Drinks
13	knuckle
13	fast fried
13	Bologna
13	strawberry
13	granola bar
13	original
13	oats
13	Energy drink
13	Mexican
12	Bagels
12	shelf stable
12	salt added in processing
12	flesh
12	Blueberries
12	DENNY'S
12	steamed
12	juice pack
12	sour
12	pink
12	leg (ham)
12	center loin (chops)
12	center rib (chops)
12	country-style ribs
12	apple
12	without skin
12	under blade center steak
12	Denver Cut
12	shoulder top blade steak
12	chuck eye roast
12	America's Beef Roast
12	whole (ribs 6-12)
12	tri-tip roast
12	top blade
12	creamy
12	bleached
12	white (industrial)
12	stick
12	ripe
12	crumbles
12	short ribs
12	mixed
12	cheese topping
12	chuck eye Country-Style ribs
12	chuck eye steak
12	rib eye roast
12	rib eye steak/roast
12	batter
12	skinless
12	eye of round steak
12	crab
12	pork and beef
12	inside skirt
12	outside skirt
12	back ribs
12	top sirloin cap steak
12	stewing
12	Emu
12	farmed
12	wild caught
12	Plums
12	tortilla chips
12	mayonnaise
12	oat bran
11	ready-to-heat
11	orange
11	reduced sugar
11	imitation
11	brain
11	tongue
11	almonds
11	bottom sirloin
11	APPLEBEE'S
11	dehydrated
11	light syrup pack
11	flesh and skin
11	submarine sandwich
11	SUBWAY
11	TACO BELL
11	Pizza Chain
11	14" pizza
11	giblets
11	broiler
11	BBQ
11	original seasoning
11	cinnamon
11	CREAM OF WHEAT
11	ready to drink
11	ready to feed
11	roasting
11	swiss
11	vegetable
11	soy
11	elk
11	tomato
10	extruded
10	brown rice
10	liquid
10	banana
10	Seaweed
10	CRACKER BARREL
10	with aspartame
10	cottage
10	Grapefruit juice
10	mackerel
10	Asparagus
10	Cauliflower
10	baby
10	japanese
10	mixed nuts
10	rye
10	80% fat
10	shrimp
10	breaded and fried
10	Tomato products
10	european
10	with cheese
10	biscuit
10	Shortening
10	chunky
10	whole wheat
10	with creme filling
10	diet
10	non-carbonated
10	sirloin half
10	frenched
10	Grapefruit
10	leg (top round)
10	sodium added
10	drained and rinsed
10	buttermilk
10	Beets
10	sugar free
10	Caribou
10	pretzels
10	cucumber
10	regular crust
9	rice cakes
9	1% milkfat
9	meatless
9	mozzarella
9	Raspberries
9	Fruit juice smoothie
9	cherry
9	Plantains
9	unprepared (Includes foods for USDA's Food Distribution Program)
9	zucchini
9	coconut cream
9	pan-browned
9	ORIGINAL RECIPE
9	EXTRA CRISPY
9	pepperoni topping
9	fortified with vitamin D
9	2% milkfat
9	pasteurized
9	salad or cooking
9	meat and skin and giblets and neck
9	neck
9	corn grits
9	distilled
9	frozen entree
9	vitamins A and D
9	Biscuits
9	Doughnuts
9	prepared with equal volume milk
9	Figs
9	Grapes
9	bengal gram)
9	hash brown
9	cod
9	English
9	coleslaw
9	thin crust
9	Butter
9	Macaroni and cheese
8	microwave
8	corn-based
8	with peanuts
8	fudge
8	chinook
8	whitefish
8	Strawberries
8	Apple juice
8	seedless
8	raw (Includes foods for USDA's Food Distribution Program)
8	sirloin (chops)
8	arm picnic
8	(Boston butt)
8	blade (steaks)
8	kidneys
8	lungs
8	spleen
8	pickled
8	Turnip greens
8	Sweeteners
8	pancreas
8	Kale
8	Lentils
8	as purchased
8	oven-heated
8	Radishes
8	includes skin
8	Succotash
8	(corn and limas)
8	Taro
8	navy
8	Pickles
8	sunflower seed kernels
8	blade roast
8	clod roast
8	beer
8	whole-grain
8	all-purpose
8	Corn flour
8	Infant
8	purple
8	extra heavy syrup pack
8	peeled
8	loaf
8	herring
8	skin
8	cooked in skin
8	skin only
8	DIGIORNO Pizza
8	with egg
8	60% fat
8	composite
8	clam chowder
8	chicken noodle
8	Aust. marble score 4/5
8	Aust. marble score 9
8	oil-roasted
8	Vitasoy USA
8	deer
8	slow roasted
8	plain or buttermilk
8	Salami
8	Chickpeas (garbanzo beans
8	raisin
8	Whale
8	parmesan
8	Applesauce
8	Pumpkin
8	Snack
8	Spaghetti
8	large
8	onion rings
7	Waffles
7	uncoated
7	Desserts
7	Gluten Free
7	Seal
7	king
7	dried (Alaska Native)
7	cheese and lettuce
7	from kid's menu
7	french fries
7	Cream substitute
7	scallop
7	with added vitamin C
7	blade (chops)
7	ice type
7	dark
7	Fruit cocktail
7	stir-fried
7	shiitake
7	crookneck and straightneck
7	butternut
7	Mung beans
7	Brussels sprouts
7	Collards
7	coconut meat
7	Gelatin desserts
7	degermed
7	self-rising
7	unbleached
7	T.G.I. FRIDAY'S
7	barbecue
7	Oranges
7	all varieties
7	seasoned
7	reduced-calorie
7	Turnips
7	thick crust
7	glazed
7	Hand-Tossed Crust
7	2% fat
7	pea
7	mix
7	SMART SOUP
7	Pork sausage
7	regular and quick
7	blue
7	eastern
7	trout
7	yolk
7	Danish pastry
7	made with low fat (2%) milk
7	Leavening agents
7	standard-type
7	Oscar Mayer
7	mixed flavors
7	with added nutrients
7	breakfast type
7	pollock
7	sockeye
7	halibut
7	chili
7	tapioca
7	sugar
7	Lemonade
7	Cocoa mix
7	Goose
7	strawberry banana
7	Rennin
7	burrito
6	Tortillas
6	ready-to-bake or -fry
6	table blends
6	liver (Alaska Native)
6	meat (Alaska Native)
6	Stew
6	free range
6	powdered
6	french dressing
6	cultured
6	chilled
6	low-fat
6	italian dressing
6	nonfat milk
6	dehydrated (low-moisture)
6	undiluted
6	center slice
6	Artichokes
6	(globe or french)
6	Balsam-pear (bitter gourd)
6	leafy tips
6	kernels on cob
6	Cowpeas (blackeyes)
6	Gourd
6	acorn
6	dried (desiccated)
6	creamed
6	eye
6	full cut
6	shoulder steak
6	Sugars
6	medium-grain
6	parboiled
6	homemade
6	beluga
6	Sea lion
6	Steller
6	Melons
6	without added ascorbic acid
6	Mustard greens
6	Okra
6	par fried
6	cashew nuts
6	pecans
6	under blade pot roast
6	under blade pot roast or steak
6	shoulder pot roast or steak
6	multigrain
6	edible-podded
6	cheeseburger; single
6	chuck for stew
6	under blade steak
6	without ascorbic acid
6	dry fortified
6	with bananas
6	Margarine-like spread
6	broiler or fryers
6	shoulder pot roast
6	goat
6	ISOMIL
6	coconut
6	french
6	Bratwurst
6	link/patty
6	tenderloin steak/roast
6	top loin steak/roast
6	90% lean meat / 10% fat
6	80% lean meat / 20% fat
6	chocolate sandwich
6	rum
6	vodka
6	canned in oil
6	large patty; with condiments
6	tip side
6	shoulder tender
6	medallion
6	shoulder top and center steaks
6	tip center
6	outside round
6	PBM PRODUCTS
6	store brand
6	Fish oil
6	capons
6	1" steak
6	cornbread
6	coffeecake
6	skin (drumsticks and thighs)
6	(peach and pineapple and pear and grape and cherry)
6	top loin petite roast
6	top loin petite roast/filet
6	ribeye cap steak
6	top loin filet
6	catfish
6	rainbow
6	great northern
6	sirloin
6	Bananas
6	cola
6	from concentrate
6	milk chocolate
6	chum
6	Grape juice
6	sesame butter
6	soybean
6	Malted drink mix
6	Syrup
6	buckwheat
6	Florida
6	The COCA-COLA company
6	Refried beans
6	Luncheon meat
6	almond milk
6	Barley
5	barbecue-flavor
5	almond
5	made from dried potatoes
5	trail mix
5	Baking chocolate
5	pancake
5	Pepperidge Farm
5	Goldfish
5	Baked Snack Crackers
5	bearded (Oogruk)
5	ON THE BORDER
5	beef and pork
5	peanut
5	without added sugar
5	with added sugar
5	Fruit salad
5	diluted with 3 volume water
5	with skin (Includes foods for USDA's Food Distribution Program)
5	puree
5	patties
5	extra lean and regular
5	HORMEL ALWAYS TENDER
5	strawberry)
5	pound
5	cheese-flavor
5	pike
5	northern
5	OLIVE GARDEN
5	CARRABBA'S ITALIAN GRILL
5	Frozen yogurts
5	tabletop
5	seeded
5	syrup pack
5	Pineapple juice
5	kernels cut off cob
5	solid
5	hubbard
5	vacuum pack
5	Lambsquarters
5	whole kernel
5	70% lean meat / 30% fat
5	Toppings
5	dry powder
5	without added salt
5	salt not added in processing
5	Rice and vermicelli mix
5	Eggplant
5	portabella
5	freeze-dried
5	point half
5	Chinese restaurant
5	fresh-refrigerated
5	flat
5	meat and poultry
5	Pheasant
5	Peas and carrots
5	walnuts
5	pearled
5	rising crust
5	sausage topping
5	Pan Crust
5	Winged beans
5	without added vitamin A and vitamin D
5	dices
5	with applesauce and bananas
5	high protein
5	sunflower
5	cottonseed
5	cream of chicken
5	cream of mushroom
5	beef broth
5	pesto
5	grated
5	chicken broth
5	new england
5	ready to serve
5	REAL MEDLEYS
5	external fat
5	seam fat
5	95% lean meat / 5% fat
5	85% lean meat / 15% fat
5	75% lean meat / 25% fat
5	brownies
5	standard snack-type
5	incomplete
5	milk based
5	Cranberry juice cocktail
5	all (gin
5	clam
5	canned in water
5	canned entree
5	PROSOBEE
5	spanish
5	MORI-NU
5	silken
5	prepared with calcium sulfate
5	rabbit
5	composite of cuts
5	rolled
5	higher fat
5	stuffing
5	pudding-type
5	special dietary
5	ready-to-bake
5	pan-broiled crumbles
5	93% lean
5	7% fat
5	fully cooked
5	chewy
5	without caffeine
5	channel
5	coho
5	common (blackeyes
5	crowder
5	southern)
5	not fortified
5	drained solids with bone
5	poppy
5	sesame)
5	KRAFT
5	chocolate covered
5	Quail
5	cheddar
5	pepper
5	Cookie
5	fortified with vitamin C
5	Raisins
5	hamburger
5	Orange-flavor drink
4	Pillsbury
4	chips
4	without peanuts
4	confectioner's coating
4	caramel custard
4	soft-serve
4	Glutino
4	Udi's
4	Walrus
4	Millet
4	ABBOTT
4	Pie fillings
4	Rhubarb
4	includes from concentrate
4	NAKED JUICE
4	BOLTHOUSE FARMS
4	rump half
4	blade (chops or roasts)
4	blade (roasts)
4	center rib (roasts)
4	center rib (chops or roasts)
4	sirloin (roasts)
4	sirloin (chops or roasts)
4	top loin (roasts)
4	composite of trimmed retail cuts (leg
4	feet
4	composite of trimmed retail cuts (loin and shoulder blade)
4	Nabisco
4	saltines
4	potato
4	M&M MARS
4	with nuts
4	flavors other than chocolate
4	HONEY BUNCHES OF OATS
4	Tangerines
4	(mandarin oranges)
4	backribs
4	spiral slice
4	pods
4	Leeks
4	oriental
4	Bamboo shoots
4	Beet greens
4	common
4	exposed to ultraviolet light
4	hot chile
4	shredded
4	macadamia nuts
4	lightly salted
4	tahini
4	shortribs
4	plate
4	Cocoa
4	GENERAL MILLS
4	C
4	restaurant-prepared
4	wheat-based
4	with added oil
4	bolted
4	cooked (Includes foods for USDA's Food Distribution Program)
4	short-grain
4	crude
4	51% whole wheat
4	with added salt
4	Pasta mix
4	Turnover
4	flavored
4	Premature
4	Blackberries
4	hash browns
4	green beans
4	Olives
4	all styles
4	cream style
4	heated in oven
4	or baked
4	Butterbur
4	Celery
4	solids and liquids (Includes foods for USDA's Food Distribution Program)
4	coconut milk
4	pistachio nuts
4	granulated
4	PROTECT PLUS
4	lingcod
4	sundae
4	prepackaged
4	Eggs
4	Parsnips
4	rinsed in tap water
4	Peas and onions
4	scalloped
4	hot chili
4	partially defatted
4	thymus
4	KLONDIKE
4	THIN 'N CRISPY Crust
4	cooked without skin
4	au gratin
4	full fat
4	hazelnuts or filberts
4	hamburger; single
4	Classic Hand-Tossed Crust
4	PIZZA HUT 14" Cheese Pizza
4	and sausage
4	low moisture
4	ricotta
4	Cheese food
4	Dessert topping
4	Sour cream
4	evaporated
4	Whey
4	stabilized
4	glucose reduced
4	Ice cream
4	with honey
4	with DHA and ARA
4	LIPIL
4	stick/tub/bottle
4	gizzard
4	mechanically deboned
4	cornish game hens
4	young duckling
4	White Pekin
4	minestrone
4	onion
4	ramen noodle
4	3.25% milkfat
4	mature
4	soft serve
4	peach
4	GOOD START SUPREME
4	GRADUATES
4	Fat
4	home recipe
4	beef noodle
4	CAMPBELL'S
4	hot
4	pre-cooked
4	farina
4	small end rib steak/roast
4	salsa
4	Dip
4	with peanut butter filling
4	snack cakes
4	contains caffeine
4	prepared with tap water
4	bass
4	striped
4	haddock
4	vegetables and mayonnaise
4	cheeseburger; double
4	Vinegar
4	ADVANCE
4	soy (partially hydrogenated)
4	confection fat
4	palm kernel (hydrogenated)
4	Soy flour
4	defatted
4	original and vanilla
4	fore-shank
4	leg chop/steak
4	loin chop
4	shank (fore and hind)
4	sirloin chops
4	rib chop
4	subcutaneous fat
4	soaked and fried
4	loin saddle
4	neck chops
4	netted shoulder
4	rack - fully frenched
4	flap
4	hind-shank
4	tunnel-boned leg
4	chump off
4	shank off
4	blade chop
4	bottom
4	trotter off
4	denuded
4	rack
4	prepared from mix
4	no-bake type
4	lower fat
4	soft-type
4	matzo
4	sandwich
4	yeast-leavened
4	Sweet rolls
4	melba toast
4	low salt
4	English muffins
4	Turkey from whole
4	prepared with equal volume low fat (2%) milk
4	CAMPBELL'S CHUNKY
4	Pate
4	minced
4	Chicken breast
4	Instant Grits
4	Shredded Wheat
4	brisket point end
4	chuck eye roll
4	oyster blade
4	sweetbread
4	bolar blade
4	cube roll
4	hind shin
4	striploin
4	93% lean meat / 7% fat
4	97% lean meat / 3% fat
4	all flavors
4	whiskey sour
4	Alaska
4	adzuki
4	cranberry (roman)
4	Broadbeans (fava beans)
4	rack - partly frenched
4	Kielbasa
4	crayfish
4	square-cut shoulder chops
4	square-cut shoulder
4	(peach and pear and apricot and pineapple and cherry)
4	brisket navel end
4	eye round
4	rump centre
4	hindshank
4	heel on
4	cake-type
4	black turtle
4	bell
4	farm raised
4	spaghetti with meat sauce
4	flaxseed
4	Toaster pastries
4	macaroni & cheese
4	Prunes
4	Flan
4	ENFAGROW
4	Agave
4	chicken tenders
4	Mango
4	rice bran
4	Egg rolls
4	Ravioli
4	3-2-1 Plan
4	Fruit punch drink
4	Cookie-type
4	Sweet Potatoes
4	Moose
4	Buffalo
4	Semolina
4	Bear
4	mustard
4	Intermuscular fat
4	salt
4	Soymilk (All flavors)
3	Waffle
3	unbaked
3	made with enriched flour
3	fruit leather
3	oil-popped
3	with butter
3	Van's
3	kippered
3	raw (Shoshone Bannock)
3	tamale
3	without meat
3	steak fries
3	ice cream type
3	Creamy dressing
3	made with sour cream and/or buttermilk and oil
3	blue or roquefort cheese dressing
3	bone removed
3	juice type
3	puffed
3	Lemon juice from concentrate
3	Prickly pears
3	dried (prunes)
3	fuji
3	E
3	Cranberry sauce
3	jellied
3	grape
3	spareribs
3	extra lean
3	beef and vegetables
3	sweet and sour pork
3	with low calorie sweetener
3	Jellies
3	Kiwifruit
3	unsweetened (Includes foods for USDA's Food Distribution Program)
3	light syrup
3	red delicious
3	granny smith
3	gala
3	not from concentrate
3	carcass
3	breakfast strips
3	84% lean / 16% fat
3	96% lean / 4% fat
3	lean only
3	Amaranth leaves
3	young pods with seeds
3	Cress
3	garden
3	with peel
3	dishcloth (towelgourd)
3	Drumstick leaves
3	Jute
3	potherb
3	Kohlrabi
3	(bulb and lower leaf-portion)
3	Lotus root
3	Mountain yam
3	hawaii
3	Mustard spinach
3	(tendergreen)
3	Pumpkin leaves
3	Rutabagas
3	Sesbania flower
3	Arrowhead
3	fordhook
3	Borage
3	spears
3	savoy
3	chinese (pak-choi)
3	Chrysanthemum
3	garland
3	Drumstick pods
3	Hyacinth-beans
3	sauteed
3	whole milk and butter added
3	Pickle relish
3	sun-dried
3	jalapeno
3	boiled and steamed
3	rib eye
3	with almonds
3	Egg custards
3	STARBURST Fruit Chews
3	KELLOGG
3	made with olestra
3	glutinous
3	Rye flour
3	medium
3	Wild rice
3	10% protein
3	11.5% protein
3	Sorghum flour
3	yellow fleshed
3	beef flavor
3	prepared with 80% margarine
3	Lasagna
3	Premium
3	NUTRAMIGEN
3	Agutuk
3	raw (Northern Plains Indians)
3	wild (Northern Plains Indians)
3	from kids' menu
3	chicken fingers
3	cheese ravioli with marinara sauce
3	Jams and preserves
3	any flavor
3	Sandwich spread
3	Cheese spread
3	cantaloupe
3	Yardlong bean
3	Dandelion greens
3	white-flowered (calabash)
3	cos or romaine
3	cottage-cut
3	Purslane
3	Salsify
3	chopped or leaf
3	Water convolvulus
3	Sweet potato leaves
3	tahitian
3	Broadbeans
3	leaves
3	Burdock root
3	chinese (pe-tsai)
3	Cardoon
3	Celeriac
3	Chard
3	Chayote
3	Yambean (jicama)
3	Dock
3	sesame seed kernels
3	pumpkin and squash seed kernels
3	USDA choice
3	USDA select
3	maple
3	masa
3	crunchy
3	Cranberries
3	sweet and sour
3	lite
3	scrambled
3	California
3	Persimmons
3	Pigeonpeas
3	dry form
3	Turnip greens and turnips
3	Waxgourd
3	(chinese preserving melon)
3	Yam
3	breadfruit seeds
3	sesame flour
3	ginkgo nuts
3	salt added
3	paste
3	corned beef
3	Bulgur
3	with condiments
3	CHICK-FIL-A
3	lettuce and tomato
3	Skin and Breading
3	meat and skin and breading
3	thin crispy crust
3	with lettuce
3	PIZZA HUT 14" Pepperoni Pizza
3	DOMINO'S 14" Pepperoni Pizza
3	Crunchy Thin Crust
3	DOMINO'S 14" Sausage Pizza
3	PIZZA HUT 14" Sausage Pizza
3	Pokeberry shoots
3	(poke)
3	o'brien
3	Tomato juice
3	home prepared
3	flaked
3	pine nuts
3	meat and vegetable topping
3	no cheese
3	Ultimate Deep Dish Crust
3	provolone
3	nonfat or fat free
3	protein fortified
3	with added nonfat milk solids
3	part-skim
3	Fruit on Bottom
3	fruit dessert
3	with calcium
3	with fruit
3	GOOD START SOY
3	Toddler formula
3	household
3	soybean (hydrogenated)
3	linoleic
3	Squab
3	(pigeon)
3	Poultry
3	barbecue flavored
3	split with ham
3	cream of potato
3	cream of shrimp
3	vegetable beef
3	teriyaki
3	sriracha
3	single brand
3	spaghetti/marinara
3	vitamin D fortified
3	half and half
3	with added vitamin A and vitamin D (fat free or skim)
3	without added vitamin D
3	DANNON OIKOS
3	raspberry
3	ADVANCE with iron
3	prepared from powder
3	fully hydrogenated
3	Turkey breast
3	cream of asparagus
3	cream of celery
3	cream of onion
3	oyster stew
3	tomato bisque
3	chunk style
3	chicken flavor
3	Beerwurst
3	SUN COUNTRY
3	WHEATENA
3	whole wheat hot natural cereal
3	Avocados
3	Currants
3	original flavor
3	chocolate-coated
3	with added fiber
3	made with tapioca starch and brown rice flour
3	Carbonated beverage
3	V8 V-FUSION Juices
3	fruit juice drink
3	freshwater
3	made from surimi
3	and bacon
3	english muffin
3	PIZZA HUT 12" Cheese Pizza
3	DOMINO'S 14" Cheese Pizza
3	griddle cake sandwich
3	large or small curd
3	dry white
3	queso seco
3	Ice cream sandwich
3	Vanilla extract
3	Seasoning mix
3	Shortening frying (heavy duty)
3	refined
3	thin seeded (baby)
3	Lupins
3	Mothbeans
3	Mungo beans
3	split
3	valencia
3	virginia
3	Pigeon peas (red gram)
3	firm
3	Hummus
3	smooth style
3	cubed for stew or kabob (leg and shoulder)
3	ribeye
3	soaked and simmered
3	chop
3	prepared from recipe without frosting
3	cinnamon with crumb topping
3	sponge
3	soda
3	soup)
3	toaster-type
3	fried pies
3	pecan
3	baking powder
3	low-sodium
3	pita
3	no salt
3	stock
3	smoked link sausage
3	and beef
3	Polish
3	QUAKER MultiGrain Oatmeal
3	QUAKER/MOTHER'S Oat Bran
3	2 1/2 minute cook time
3	1 minute cook time
3	all areas
3	sections
3	top sirloin filet
3	top sirloin petite roast
3	top sirloin petite roast/filet
3	ribeye petite roast
3	Whiskey sour mix
3	UNILEVER
3	V8 SPLASH Smoothies
3	other than cola or pepper
3	natural
3	croissant
3	Original Crust
3	sardine
3	ranch dressing
3	tap
3	coffee substitute
3	cereal grain beverage
3	liqueur
3	sablefish
3	sturgeon
3	california red
3	small white
3	Vitasoy USA Organic Nasoya
3	Vitasoy USA Azumaya
3	chorizo
3	link or ground
3	maple and brown sugar
3	creme-filled
3	graham crackers
3	shortbread
3	whole grain white
3	alaska king
3	full-fat
3	Yardlong beans
3	85% lean
3	15% fat
3	dark meat from whole
3	breakfast links
3	breakfast sausage
3	pink and red
3	ribeye  petite roast/filet
3	ribeye filet
3	FRITOLAY
3	SUNCHIPS
3	with calcium propionate (includes onion
3	Croissants
3	tilapia
3	royal red
3	catjang
3	Hyacinth beans
3	Grade A
3	overripe
3	Soy milk
3	sugar added
3	grain
3	tropical
3	tart
3	chicken nuggets
3	cranberry-apple juice drink
3	New Zealand spinach
3	almond butter
3	Molasses
3	Quinoa
3	Macaroni
3	GENTLEASE
3	Toddler transitions
3	vegetable oil-butter spread
3	Beverage
3	Honey
3	sorghum
3	Spelt
3	Salisbury Steak With Gravy
3	russet
3	nachos
3	Cheeseburger
3	Parsley
3	apricot
3	dutch apple
3	wheat germ
3	Chicken patty
3	Italian style
3	Light Ice Cream
3	squirrel
3	wheat bran
3	Pastrami
3	Limeade
3	sea bass
3	snapper
3	swordfish
3	lobster
3	Orange drink
3	smelt
3	no pulp
2	Artificial Flavor
2	George Weston Bakeries
2	Ready Crust
2	deep dish
2	iced
2	pieces
2	coated
2	milk chocolate coating
2	caramel-coated
2	sesame seed
2	white corn
2	nacho cheese
2	caramels
2	chocolate-flavor roll
2	squares
2	rich
2	Gluten Free Cookies
2	Canadian Cultivated EMI-TSUNOMATA
2	bowhead
2	broad
2	Indian
2	roasted (Navajo)
2	Frybread
2	with skin (Alaska Native)
2	(sockeye)
2	smoked (Alaska Native)
2	cooked (Shoshone Bannock)
2	soft taco with ground beef
2	chicken and rice
2	pupusas con frijoles (pupusas
2	bean)
2	fried rice
2	top sirloin steak
2	fruit-flavored drink
2	Pectin
2	chocolate coated
2	brown and serve
2	Jams
2	preserves
2	light or dark meat
2	Hearts of palm
2	spoon-size
2	with vegetables
2	beef with vegetables
2	HEALTH VALLEY
2	non-alcoholic
2	chocolate flavor
2	all flavors except chocolate
2	Watermelon
2	pitted
2	bartlett (Includes foods for USDA's Food Distribution Program)
2	Guava nectar
2	Nance
2	belly
2	center loin (roasts)
2	boston (steaks)
2	boston (roasts)
2	chitterlings
2	ears
2	stomach
2	Canadian bacon
2	extra lean (approximately 5% fat)
2	regular (approximately 11% fat)
2	separable fat (from ham and arm picnic)
2	tail
2	and spareribs)
2	Pork Tenderloin
2	Buttermilk Biscuits
2	sandwich-type with cheese filling
2	puffs or twists
2	crisped rice bar
2	fruit flavored
2	pork skins
2	with chocolate chips
2	butterscotch
2	semisweet chocolate
2	Gluten Free Wafers
2	Schar
2	Mouse nuts
2	canned (Alaska Native)
2	ringed
2	Willow
2	young leaves
2	Tortilla
2	Chokecherries
2	Steelhead trout
2	chicken tenderloin platter
2	prepackaged or deli
2	cholesterol-free
2	monterey
2	Cranberry juice
2	pumpernickel
2	pop
2	honey roasted
2	fructose
2	Jujube
2	Lime juice
2	Peach nectar
2	Pear nectar
2	Jackfruit
2	Dates
2	with added ascorbic acid and calcium
2	with added vitamins A
2	ODWALLA
2	with sucralose
2	100% juice
2	composite of separable fat
2	mechanically separated
2	raw or unheated
2	extra lean (approximately 4% fat)
2	blade roll
2	Fresh Pork
2	pre-sliced
2	enhanced
2	Leg sirloin tip roast
2	72% lean / 28% fat
2	Pork loin
2	Edamame
2	or crimini
2	frozen (Includes foods for USDA's Food Distribution Program)
2	baked in skin
2	Taro leaves
2	Taro shoots
2	Tree fern
2	Catsup
2	dill or kosher dill
2	Radicchio
2	Nopales
2	Grape leaves
2	Wasabi
2	Fiddlehead ferns
2	lotus seeds
2	unblanched
2	sunflower seed butter
2	cashew butter
2	pumpkin and squash seeds
2	retail cuts
2	inside skirt steak
2	outside skirt steak
2	all
2	pina colada
2	vanilla flavor
2	Chewing gum
2	fluffy
2	with vitamin C
2	with vitamins A
2	and E
2	chocolate marshmallow
2	with 2% maple
2	prepared with margarine
2	glaze
2	sesame sticks
2	corn cakes
2	nacho-flavor
2	with wheat flour added
2	Rice flour
2	soba
2	somen
2	Rice noodles
2	remaining unenriched semolina
2	Teff
2	Corn grain
2	protein-fortified
2	enriched (n x 6.25)
2	13% protein
2	rice pilaf flavor
2	Spanish rice mix
2	tomato-based sauce
2	Rice mix
2	Newborn
2	Premium LIPIL
2	GO AND GROW
2	Fireweed
2	herring eggs
2	Prairie Turnips
2	Wocas
2	Oregon
2	yellow pond lily (Klamath)
2	fish fillet
2	battered or breaded
2	spaghetti and meatballs
2	cheese quesadilla
2	muenster
2	no sugar (with sodium saccharin)
2	Meatballs
2	instant breakfast powder
2	Litchis
2	Longans
2	all commercial varieties
2	Passion-fruit juice
2	Shoulder breast
2	Garlic
2	Ginger root
2	Pumpkin flowers
2	agar
2	common (danish
2	domestic
2	and pointed types)
2	prepared from flakes without milk
2	whole milk and margarine added
2	enoki
2	Fennel
2	bulb
2	Arugula
2	serrano
2	maitake
2	formulated
2	shank crosscuts
2	bottom sirloin butt
2	daiquiri
2	low carb
2	processed with alkali
2	egg custard
2	HERSHEY
2	aspartame
2	KUDOS Whole Grain Bar
2	made with butter
2	potassium
2	sodium
2	Couscous
2	Hominy
2	precooked or instant
2	Sorghum grain
2	dry (Includes foods for USDA's Food Distribution Program)
2	KAMUT khorasan
2	calcium-fortified
2	box mix with cheese sauce
2	Taquitos
2	Macaroni or noodles with cheese
2	cheese-filled
2	GOOD START
2	GERBER GOOD START 2
2	GENTLE PLUS
2	GOOD START 2
2	blue corn
2	spaghetti with pomodoro sauce
2	cheese enchilada
2	tutti frutti
2	caesar
2	sugar-free
2	fruit variety
2	total edible
2	honeydew
2	Nectarines
2	navels (Includes foods for USDA's Food Distribution Program)
2	extra light syrup
2	extra light syrup pack
2	Chives
2	with butter sauce
2	Potato puffs
2	packed in tomato juice
2	with onions
2	Vegetable juice cocktail
2	Waterchestnuts
2	Shallots
2	spirulina
2	excluding seeds
2	in skin
2	cottonseed flour
2	partially defatted (glandless)
2	hulled
2	sesame seeds
2	acorns
2	made with enriched masa flour
2	made with partially hydrogenated soybean oil
2	low carbohydrate
2	Sweetener
2	with high vitamin C
2	fish sandwich
2	tomato and sweet onion sauce
2	CLASSIC SINGLE Hamburger
2	Jr. Hamburger
2	analyzed 2006
2	cheese stuffed crust
2	supreme topping
2	Double Cheeseburger
2	Broccoli raab
2	crinkle or regular cut
2	whole milk and butter
2	shoestring
2	crushed
2	breadnut tree seeds
2	blanched
2	brazilnuts
2	unpeeled
2	tripe
2	made with unenriched flour
2	for baking
2	contains sugar and sucralose
2	Amaranth grain
2	Buckwheat groats
2	taco with beef
2	regular patty; plain
2	regular patty
2	regular patty; with condiments
2	roast beef sandwich
2	WHOPPER
2	DOUBLE WHOPPER
2	and mayonnaise
2	RANCH SNACK WRAP
2	and ranch sauce
2	breadstick
2	whole grain breaded
2	part skim milk
2	whipped
2	pressurized
2	filled
2	with lauric acid oil
2	vitamin A and vitamin D
2	Milk shakes
2	acid
2	Kefir
2	LIFEWAY
2	apricot with tapioca
2	plums with tapioca
2	prunes with tapioca
2	applesauce and apricots
2	applesauce and cherries
2	bananas and pineapple with tapioca
2	pears and pineapple
2	apple and blueberry
2	with egg yolks
2	with apple and orange
2	cherry vanilla pudding
2	peach melba
2	fruit pudding
2	ENFACARE
2	russian dressing
2	thousand island dressing
2	(partially hydrogenated)
2	palm
2	safflower
2	assorted flavors
2	canola
2	honey mustard
2	poppyseed
2	skin (light and dark)
2	with broth
2	diced
2	light and dark meat
2	bone in
2	black bean
2	bean with pork
2	bean with frankfurters
2	chicken gumbo
2	chili beef
2	manhattan
2	mushroom barley
2	mushroom with beef stock
2	tomato beef with noodle
2	vegetarian vegetable
2	vegetable with beef broth
2	au jus
2	beef mushroom
2	SWANSON
2	lower sodium
2	vegetable broth
2	basil pesto
2	microwavable
2	10 grams protein per 8 ounce
2	Cheese product
2	Ice cream bar
2	bananas with tapioca
2	applesauce and pineapple
2	apple and raspberry
2	peach cobbler
2	custard pudding
2	DHA and ARA
2	For Spit Up
2	unspecified oils
2	palm kernel
2	pre-basted
2	Chicken breast tenders
2	chicken with rice
2	tomato rice
2	chunky vegetable
2	beef broth or bouillon
2	cubed
2	chicken broth or bouillon
2	chicken broth cubes
2	chicken mushroom
2	HEINZ Home Style
2	beer salami
2	pork and turkey
2	regular (10 minute)
2	assorted brands including CREAM OF WHEAT
2	quick (1-3 minutes)
2	with cinnamon and spice
2	quick
2	cooked with water (includes boiling and microwaving)
2	high fiber
2	dehydrated (low moisture)
2	sweetened (Includes foods for USDA's Food Distribution Program)
2	Boysenberries
2	top sirloin cap-off steak/roast
2	ribeye steak/roast lip-on
2	bean
2	chapati or roti
2	naan
2	sandwich-type
2	made with brown rice flour
2	tapioca starch
2	made with rice flour
2	rice starch
2	vanilla sandwich with creme filling
2	RED BULL
2	chocolate malt powder
2	with sodium saccharin
2	espresso
2	Alcoholic beverages
2	higher alcohol
2	citrus fruit juice drink
2	bottles
2	sweetened with low calorie sweetener
2	Peach Mango
2	B6
2	B12
2	AMP
2	ROCKSTAR
2	citrus flavor
2	Fruit flavored drink
2	greater than 3% fruit juice
2	high vitamin C
2	added calcium
2	bluefish
2	burbot
2	butterfish
2	carp
2	cisco
2	croaker
2	cusk
2	mahimahi
2	drum
2	grouper
2	dungeness
2	queen
2	squid
2	whelk
2	unspecified
2	dry heat (may contain additives to retain moisture)
2	Pacific and jack
2	milkfish
2	monkfish
2	walleye
2	sucker
2	sunfish
2	pumpkin seed
2	skipjack
2	yellowfin
2	spiny lobster
2	cuttlefish
2	9% protein
2	15% protein
2	remaining enriched semolina
2	french toast sticks
2	with beans
2	LITTLE CAESARS 14" Cheese Pizza
2	Large Deep Dish Crust
2	Egg & Cheese McGRIDDLES
2	regular patty; double decker bun with condiments and special sauce
2	Lasagna with meat & sauce
2	beef and bean
2	HOT POCKETS
2	Chili with beans
2	nuggets
2	precooked
2	not reheated
2	vanilla or lemon flavor
2	sweetened with low-calorie sweetener
2	queso fresco
2	Spearmint
2	vegetables and dumplings and beef
2	noodles and chicken
2	vegetables and noodles and turkey
2	turkey and rice
2	mixed vegetable
2	Enfamil for Supplementing
2	reconstituted
2	low iron
2	ALIMENTUM
2	Child formula
2	PEDIASURE
2	NEXT STEP
2	AR
2	lard and vegetable oil
2	soybean (hydrogenated) and cottonseed
2	menhaden
2	Margarine-like spread with yogurt
2	70% fat
2	20% fat
2	woks and light frying
2	non-dairy
2	and giblets and neck
2	Guinea hen
2	Peanut flour
2	unfortified
2	Soy protein concentrate
2	prepared with calcium sulfate and magnesium chloride (nigari)
2	dried-frozen (koyadofu)
2	smooth
2	vitamin and mineral fortified
2	extra firm
2	Tempeh
2	Soy sauce made from soy and wheat (shoyu)
2	rib roast
2	muskrat
2	hind
2	85% lean / 15% fat
2	chump
2	ground lamb
2	testes
2	tongue - swiss cut
2	cap off
2	cutlet
2	osso buco
2	seam fat only
2	cinnamon-raisin
2	angelfood
2	gingerbread
2	cheesecake
2	marshmallow
2	Puff pastry
2	wafers
2	with cheese filling
2	Croutons
2	French toast
2	banana cream
2	lemon meringue
2	Popovers
2	hamburger or hotdog
2	refrigerated dough with frosting
2	Taco shells
2	double-acting
2	crumbs
2	ladyfingers
2	with calcium propionate (includes sourdough)
2	full rump
2	inside leg
2	inside strip
2	tip trimmed
2	from retail parts
2	from dark meat
2	less/reduced sodium
2	dry or hard
2	with cheddar cheese
2	oven-roasted
2	stove-top
2	NATURE'S PATH
2	extra heavy syrup
2	Gooseberries
2	pink or red
2	Guavas
2	manufacturing beef
2	ribs prepared
2	COCOAVIA
2	regular (butter) flavor
2	KASHI GOLEAN
2	NATURE VALLEY
2	fortified with vitamins B6 and B12
2	SLIMFAST
2	SLIMFAST Shake Mix
2	late harvest
2	SNAPPLE
2	black and green
2	OVALTINE
2	herb
2	PIZZA HUT 12" Pepperoni Pizza
2	PAPA JOHN'S 14" Cheese Pizza
2	bagel
2	and condiments
2	feta
2	Egg substitute
2	cheddar or colby
2	Protein supplement
2	Muscle Milk
2	with low-calorie sweetener
2	macaroni and tomato and beef
2	spaghetti and tomato and meat
2	vegetables and beef
2	vegetables and turkey
2	PREGESTIMIL
2	NEXT STEP PROSOBEE
2	SENSITIVE
2	(LACTOSE FREE)
2	Shortening industrial
2	oat
2	with pulp
2	DANNON
2	PEPSICO QUAKER
2	ling
2	pout
2	ocean
2	perch
2	pompano
2	rockfish
2	total can contents
2	seatrout
2	shad
2	shark
2	spot
2	tilefish
2	bluefin
2	turbot
2	whiting
2	Salmon nuggets
2	without skin and bones
2	dry-roasted
2	not breaded
2	cubed for stew (leg and shoulder)
2	antelope
2	beefalo
2	pre-packaged
2	deli meat (96%fat free
2	water added)
2	CREAM OF RICE
2	Weight Control Instant Oatmeal
2	MOM'S BEST
2	bottom round steak/roast
2	top round cap-off steak/roast
2	salsa con queso
2	roll
2	chocolate with frosting
2	sugar wafer
2	hamburger or hot dog
2	french or vienna
2	POWERADE
2	Carob-flavor beverage mix
2	chocolate syrup
2	mocha
2	Light Cranberry
2	chocolate-flavor beverage mix for milk
2	anchovy
2	solids and liquid
2	eel
2	flatfish (flounder and sole species)
2	Atlantic and Pacific
2	raw (may contain additives to retain moisture)
2	abalone
2	mussel
2	octopus
2	roe
2	scup
2	wolffish
2	yellowtail
2	roughy
2	Soy protein isolate
2	salted and fermented (fuyu)
2	prepared with nigari
2	rib chop/rack roast
2	fore
2	brains
2	fan fillet
2	outside strip
2	prepared with water or ready-to-serve
2	sticks
2	turkey and beef
2	Oatmeal Squares
2	hominy grits
2	thompson seedless
2	Multigrain Snack
2	vegetable chips
2	KASHI TLC Bar
2	80 proof
2	ZEVIA
2	Gewurztraminer
2	cola or pepper-type
2	lemonade-flavor drink
2	Strawberry-flavor beverage mix
2	external fat only
2	made with margarine
2	in-store bakery
2	other than all butter
2	with raisins
2	peanut butter sandwich
2	vanilla wafers
2	sugared or glazed
2	Ice cream cones
2	yeast
2	baker's
2	Martha White Foods
2	horse
2	fruit punch juice drink
2	with juice and pulp
2	mullet
2	ocean perch
2	sheepshead
2	beaver
2	boar
2	ripe and slightly ripe
2	honeycrisp
2	lion's mane
2	white button
2	roma
2	leaf
2	halves
2	dark red
2	long grain
2	cannellini
2	Blackeye pea
2	Scallops
2	Graham Cracker
2	Pastry
2	Mutton
2	marmalade
2	pear
2	pan dulce
2	CORNNUTS
2	french vanilla
2	leg cap steak
2	Arrowroot
2	Pimento
2	GOOD START 2 SOY
2	chicken strips
2	Cassava
2	hush puppies
2	Chicory
2	Carrot
2	chia seeds
2	stuffed crust
2	thyme
2	Turkey sticks
2	basil
2	dill weed
2	rosemary
2	horseradish
2	coconut macaroon
2	Minute Maid
2	Fruit Medley
2	Greenland
2	LEAN POCKETS
2	apple and cinnamon
2	Soy sauce
2	plum
2	Meal replacement
2	Shake
2	avocado
2	Dairy drink mix
2	GATORADE
2	banana bread
2	Citrus
1	Pillsbury Golden Layer Buttermilk Biscuits
1	Cinnamon Rolls with Icing
1	Kraft Foods
1	Shake N Bake Original Recipe
1	Coating for Pork
1	Thomas English Muffins
1	Tostada shells
1	salvadoran sweet cheese (quesadilla salvadorena)
1	pound cake type
1	pan de torta salvadoran
1	Pastelitos de Guava (guava pastries)
1	Goya Crackers
1	Gamesa Sabrosas
1	La Moderna Rikis Cream Crackers
1	white wheat
1	Cream puff
1	eclair
1	custard or cream filled
1	beef jerky
1	chopped and formed
1	cones
1	honey-combed
1	with peanut butter
1	peanut butter and chocolate chip
1	regular flavor
1	no trans fat
1	cakes
1	sour-cream and onion-flavor
1	chocolate-flavor
1	ranch-flavor
1	ALMOND JOY Candy Bar
1	TWIZZLERS CHERRY BITES
1	BIT-O'-HONEY Candy Chews
1	BUTTERFINGER Bar
1	white chocolate
1	Sherbet
1	vanilla with nuts
1	GOOBERS Chocolate Covered Peanuts
1	BABY RUTH Bar
1	TWIZZLERS Strawberry Twists Candy
1	CHUNKY Bar
1	Andrea's
1	Gluten Free Soft Dinner Roll
1	Crunchmaster
1	Multi-Grain Crisps
1	Snack Crackers
1	Chocolate Vanilla Creme
1	Vanilla Creme
1	Rudi's
1	Gluten-Free Bakery
1	Original Sandwich Bread
1	Soft & Delicious White Sandwich Bread
1	Soft & Hearty Whole Grain Bread
1	Whole Grain Dinner Rolls
1	Totally Original Pancakes
1	rehydrated
1	pan-fried in canola oil
1	frozen as packaged
1	Mashu roots
1	braised (Alaska Native)
1	bearded seal (Oogruk) (Alaska Native)
1	Oopah (tunicate)
1	whole animal (Alaska Native)
1	Owl
1	horned
1	smoked and canned (Alaska Native)
1	brined (Alaska Native)
1	scoter
1	white-winged
1	Sea cucumber
1	yane (Alaska Native)
1	tundra
1	herb and laborador combination (Alaska Native)
1	Deer (venison)
1	sitka
1	subcutaneous fat (blubber) (Alaska Native)
1	skin and subcutaneous fat (muktuk) (Alaska Native)
1	bowhead (Alaska Native)
1	Mush
1	blue corn with ash (Navajo)
1	blue (Navajo)
1	Melon
1	banana (Navajo)
1	Chilchen (Red Berry Beverage) (Navajo)
1	dried (Navajo)
1	boiled (Navajo)
1	kneel down (Navajo)
1	made with lard (Navajo)
1	Tamales (Navajo)
1	steamed corn (Navajo)
1	coho (silver)
1	spotted seal (Alaska Native)
1	bones removed (Alaska Native)
1	eggs (Alaska Native)
1	rump meat
1	half dried (Alaska Native)
1	kippered (Alaska Native)
1	(Alaska Native)
1	sheefish
1	partially dried (Alaska Native)
1	yellow (Northern Plains Indians)
1	made with lard (Apache)
1	Corned beef and potatoes in tortilla (Apache)
1	entree
1	empanadas
1	pupusas con queso (pupusas
1	cheese)
1	pupusas del cerdo (pupusas
1	pork)
1	spanish rice
1	assorted
1	grilled sirloin steak
1	macaroni n' cheese plate
1	lemon chicken
1	general tso's chicken
1	kung pao chicken
1	vegetable lo mein
1	chicken and vegetables
1	orange chicken
1	dry powdered mix
1	vanilla ice cream
1	Milk dessert
1	milk-fat free
1	Whipped topping
1	M&M's Peanut Butter Chocolate Candies
1	apple yogurt dessert
1	turkey and pork
1	bulk
1	patty or link
1	made with tofu
1	Pork sausage rice links
1	mayonnaise-like
1	MILKY WAY Midnight Bar
1	cold pressed
1	lactose reduced
1	bacon and tomato
1	with high vitamin C with other added vitamins
1	Tomato and vegetable juice
1	Chocolate-flavored drink
1	whey and milk based
1	pan-fried or roasted
1	skin and bone removed
1	Shredded Wheat n' Bran
1	Yeast extract spread
1	juice with cream
1	Tofu yogurt
1	rice (sake)
1	OAT BRAN FLAKES
1	mixed fruit yogurt
1	ENSURE PLUS
1	rice and apples
1	apple - cherry
1	non-soy
1	rice with pears and apple
1	instant fortified
1	banana no tapioca
1	banana apple dessert
1	Breakfast bar
1	corn flake crust with fruit
1	Mayonnaise dressing
1	no cholesterol
1	and olive
1	Cocktail mix
1	concentrated
1	(bay and sea)
1	Cane
1	snail
1	Turtle
1	Lemons
1	without peel
1	Lemon juice
1	Lemon peel
1	Prune juice
1	Pummelo
1	Sapodilla
1	Sapote
1	mamey
1	Soursop
1	Tamarinds
1	(pineapple and papaya and banana and guava)
1	Maraschino cherries
1	red anjou
1	bosc (Includes foods for USDA's Food Distribution Program)
1	green anjou (Includes foods for USDA's Food Distribution Program)
1	Prune puree
1	Candied fruit
1	Abiyuch
1	Rowal
1	Mango nectar
1	Tamarind nectar
1	Pomegranate juice
1	Naranjilla (lulo) pulp
1	Horned melon (Kiwano)
1	Orange Pineapple Juice Blend
1	with added calcium and vitamins A
1	D
1	MIGHTY MANGO
1	GREEN MACHINE
1	BERRY BOOST
1	GREEN GOODNESS
1	calcium
1	and potassium
1	CONCORD
1	REAL LEMON
1	Ruby Red grapefruit juice blend (grapefruit
1	apple)
1	Baobab powder
1	Cherry juice
1	with seeds
1	composite of trimmed leg
1	and spareribs
1	(includes cuts to be cured)
1	backfat
1	and shoulder)
1	leaf fat
1	HORMEL
1	Cure 81 Ham
1	Teriyaki-Flavored
1	HORMEL Canadian Style Bacon
1	Pillsbury Grands
1	Heinz
1	Weight Watcher
1	Chocolate Eclair
1	Interstate Brands Corp
1	Wonder Hamburger Rolls
1	Nabisco Snackwell's Fat Free Devil's Food Cookie Cakes
1	microwave (includes buttermilk)
1	frosted (include apples
1	toasted (include apple
1	Muffin
1	sweet yeast bread
1	Keikitos (muffins)
1	Latino bakery item
1	Bimbo Bakeries USA
1	Panque Casero
1	home baked style
1	La Ricura
1	Salpora de Arroz con Azucar
1	cookie-like
1	contains wheat flour and rice flour
1	Garlic bread
1	Cinnamon buns
1	frosted (includes honey buns)
1	whole wheat (includes multi-grain)
1	Focaccia
1	Italian flatbread
1	SCHIFF
1	TIGER'S MILK BAR
1	TOBLERONE
1	milk chocolate with honey and almond nougat
1	onion-flavor
1	Fruit syrup
1	Topping
1	SMUCKER'S MAGIC SHELL
1	oriental mix
1	rice-based
1	air-popped
1	sour-cream-and-onion-flavor
1	COMBOS Snacks Cheddar Cheese Pretzel
1	whole-wheat including both salted and unsalted
1	rice cracker brown rice
1	salted nuts and seeds
1	taco-flavor
1	TOOTSIE ROLL
1	carob
1	CARAMELLO Candy Bar
1	sweet chocolate
1	sweet chocolate coated fondant
1	HERSHEY'S GOLDEN ALMOND SOLITAIRES
1	YORK Peppermint Pattie
1	TWIZZLERS NIBS CHERRY BITS
1	SYMPHONY Milk Chocolate Bar
1	5TH AVENUE Candy Bar
1	fondant
1	gumdrops
1	starch jelly pieces
1	jellybeans
1	KIT KAT Wafer Bar
1	KRACKEL Chocolate Bar
1	MARS Almond Bar
1	marshmallows
1	halavah
1	OH HENRY! Bar
1	Chocolate-flavored hazelnut spread
1	milk chocolate coated peanuts
1	Lemon Flavored
1	Mary's Gone Crackers
1	Original Crackers
1	Organic Gluten Free
1	Explosive Pizza
1	Sage Valley
1	Gluten Free Vanilla Sandwich Cookies
1	Classic White Rolls
1	Wheat-Free
1	Classic White Bread
1	Classic French Dinner Rolls
1	Totally Original Waffles
1	The Perfect 10
1	Crispy Six Whole Grain + Four Seed Baked Crackers
1	multi-grain (includes whole-grain)
1	animal crackers (includes arrowroot
1	tea biscuits)
1	crosscut
1	Sweet Potato puffs
1	roots (Alaska Native)
1	seedlings (Alaska Native)
1	Octopus (Alaska Native)
1	leaves (Alaska Native)
1	tipnuk
1	fermented (Alaska Native)
1	homemade (Alaska Native)
1	Sourdock
1	young leaves (Alaska Native)
1	meat and subcutaneous fat raw (Alaska Native)
1	walrus (Alaska Native)
1	head
1	eyes
1	cheeks and soft bones (Alaska Native)
1	leaves in oil (Alaska Native)
1	chopped (Alaska Native)
1	steamed (Navajo)
1	white (Navajo)
1	yellow (Navajo)
1	raw (Navajo)
1	includes plain and from mutton sandwich (Navajo)
1	dumpling with mutton (Navajo)
1	hominy with mutton (Navajo)
1	squash (Navajo)
1	sockeye (red)
1	king (chinook)
1	Salmonberries
1	shoulder meat
1	hind quarter meat
1	in oil (Alaska Native)
1	low quadrant
1	cooked patties (Shoshone Bannock)
1	pitted (Shoshone Bannock)
1	flesh (Shoshone Bannock)
1	Acorn stew (Apache)
1	chicken parmesan without pasta
1	arroz con leche (rice pudding)
1	Arroz con frijoles negros (rice and black beans)
1	Arroz con habichuelas colorados (Rice And Red Beans)
1	Arroz con grandules (rice and pigeonpeas)
1	black bean soup
1	tripe soup
1	arepa (unleavened cornmeal bread)
1	bunuelos (fried yeast bread)
1	country fried shrimp platter
1	farm raised catfish platter
1	mozzarella cheese sticks
1	golden fried shrimp
1	star shaped
1	shrimp and vegetables
1	sweet and sour chicken
1	chicken chow mein
1	vegetable chow mein
1	without meat or noodles
1	sesame chicken
1	grenadine
1	Imitation cheese
1	american or cheddar
1	low cholesterol
1	banana juice with low fat yogurt
1	mixed fruit juice with low fat yogurt
1	peppercorn dressing
1	reduced-calorie or diet
1	milk chocolate coated
1	TWIX chocolate fudge cookie bars
1	sweetened without sugar
1	Papad
1	Rice cake
1	cracker (include hain mini rice cakes)
1	M&M's Almond Chocolate Candies
1	lean and fat
1	mayonnaise and mayonnaise-type
1	no sodium added
1	low calorie or diet
1	cheddar or American
1	with whitener
1	with vitamin C added
1	beef and tomato sauce
1	Jellyfish
1	chocolate or caramel covered
1	peach yogurt
1	blueberry yogurt
1	banana yogurt
1	light (baked with less oil)
1	low fat and sodium
1	fruit supreme dessert
1	no sugar
1	home preserved
1	Vital wheat gluten
1	Frog legs
1	Java-plum
1	(jambolan)
1	Kumquats
1	Limes
1	Quinces
1	golden
1	seedless (Includes foods for USDA's Food Distribution Program)
1	Rambutan
1	with sugar
1	Roselle
1	Rose-apples
1	Sugar-apples
1	(sweetsop)
1	Feijoa
1	asian
1	medjool
1	Durian
1	raw or frozen
1	traditional varieties
1	extra sweet variety
1	Clementines
1	Guanabana nectar
1	apple and grape blend
1	grape and pear blend
1	Latino restaurant
1	golden delicious
1	C and E
1	BLUE MACHINE
1	ORIGINAL SUPERFOOD
1	ZESPRI SunGold
1	Cranberry juice blend
1	with added vitamin C and calcium
1	Raspberry juice concentrate
1	shoulder)
1	jowl
1	regular (approximately 13% fat)
1	country-style
1	salt pork
1	Peppercorn-Flavored
1	Pork Loin Filets
1	Lemon Garlic-Flavored
1	Center Cut Chops
1	Boneless Pork Loin
1	rendered fat
1	with added solution cooked
1	Shoulder petite tender
1	cooked-roasted
1	(chops)
1	separable lean and fat only
1	reduced/low sodium
1	Alfalfa seeds
1	rinsed with tap water
1	Endive
1	Escarole
1	Pepeao
1	Chanterelle
1	morel
1	butterhead (includes boston and bibb types)
1	red leaf
1	Potato wedges
1	Potato flour
1	irishmoss
1	kelp
1	laver
1	with cream style corn
1	with whole kernel corn
1	Chrysanthemum leaves
1	boiled. drained
1	prepared from granules
1	without milk
1	whole milk and margarine
1	hot dog
1	dill
1	Tomatillos
1	napa
1	Lemon grass (citronella)
1	fava
1	in pod
1	hungarian
1	pasilla
1	Fungi
1	Cloud ears
1	straw
1	root
1	sisymbrium sp. seeds
1	with salt added (Includes foods for USDA's Food Distribution Program)
1	type of kernels unspecified
1	mechanically separated beef
1	small end (ribs 10- 12) separable lean only
1	patty cooked
1	boneless separable lean only
1	BUDWEISER
1	BUDWEISER SELECT
1	tequila sunrise
1	with rice cereal
1	MILKY WAY Bar
1	HERSHEY'S SKOR Toffee Bar
1	MOUNDS Candy Bar
1	MR. GOODBAR Chocolate Bar
1	100 GRAND Bar
1	CRUNCH Bar and Dessert Topping
1	REESE'S Peanut Butter Cups
1	REESE'S PIECES Candy
1	ROLO Caramels in Milk Chocolate
1	AFTER EIGHT Mints
1	3 MUSKETEERS Bar
1	TWIX Caramel Cookie Bars
1	TWIX Peanut Butter Cookie Bars
1	WHATCHAMACALLIT Candy Bar
1	HERSHEY'S European Style Cocoa
1	YORK BITES
1	mousse
1	praline
1	tablets
1	prepared with butter
1	HEATH BITES
1	DOVE Milk Chocolate
1	DOVE Dark Chocolate
1	MILKY WAY Caramels
1	milk chocolate covered
1	MILKY WAY Caramels. dark chocolate covered
1	BETTY CROCKER Fruit Roll Ups
1	berry flavored
1	FARLEY CANDY
1	FARLEY Fruit Snacks
1	M&M's Crispy Chocolate Candies
1	Fruit butters
1	prepared-by-recipe
1	SNICKERS Almond bar
1	Tropical fruits
1	Pudding
1	prepared with sugar
1	egg yolk and water
1	HERSHEY'S Genuine Chocolate Flavored Lite Syrup
1	fudge-type
1	refiner
1	and sugar
1	SKITTLES Wild Berry Bite Size Candies
1	butterscotch or caramel
1	SKITTLES Sours Original
1	SKITTLES Original Bite Size Candies
1	divinity
1	pineapple-coconut
1	banana chips
1	beef sticks
1	NFSMI Recipe No. C-32
1	potato sticks
1	baked without fat
1	Cheese puffs and twists
1	corn based
1	fruit-filled
1	KELLOGG'S
1	NUTRI-GRAIN Cereal Bars
1	taro chips
1	UNCLE BEN'S
1	Rye grain
1	Triticale flour
1	hard red spring
1	hard red winter
1	soft red winter
1	whole-grain (Includes foods for USDA's Food Distribution Program)
1	made with egg
1	made without egg
1	chow mein
1	Wheat flours
1	blue (harina de maiz morado)
1	soft wheat
1	wedge cut
1	steak cut
1	cross cut
1	classic cheeseburger macaroni
1	classic beef
1	Italian lasagna
1	Yellow rice with seasoning
1	dry packet mix
1	Pizza rolls
1	Italian four cheese lasagna
1	thighs
1	reheated
1	meat- and cheese-filled
1	filled with egg
1	meat and cheese
1	white and wild
1	PurAmino
1	20 calories ready-to-feed Low iron
1	rice cereal
1	EARTHS BEST ORGANIC WHOLE GRAIN
1	fortified only with iron
1	fish/berry with seal oil (Alaskan ice cream) (Alaska Native)
1	meat-caribou (Alaskan ice cream) (Alaska Native)
1	Ascidians (tunughnak) (Alaska Native)
1	flipper
1	whale (Alaska Native)
1	Stew/soup
1	caribou (Alaska Native)
1	Chiton
1	leathery
1	gumboots (Alaska Native)
1	devilfish
1	herring eggs on giant kelp
1	Pacific (Alaska Native)
1	dry (Alaska Native)
1	moose (Alaska Native)
1	cooked (Southwest)
1	dried (Southwest)
1	Cattail
1	Narrow Leaf Shoots (Northern Plains Indians)
1	boiled (Northern Plains Indians)
1	Rose Hips
1	pitted (Northern Plains Indians)
1	kidney (Alaska Native)
1	heart (Alaska Native)
1	Piki bread
1	made from blue cornmeal (Hopi)
1	tuber
1	pinto bean and hominy
1	badufsuki (Hopi)
1	Tamales
1	masa and pork filling (Hopi)
1	Double Crunch Shrimp
1	mozzarella sticks
1	classic sirloin steak (10 oz)
1	fried mozzarella sticks
1	sirloin steak
1	hand battered
1	thick-cut
1	chili with meat and beans
1	lasagne
1	Mexican rice
1	spaghetti with pomodoro sauce (no meat)
1	frosted oat cereal with marshmallows
1	WEETABIX whole grain cereal
1	GREAT GRAINS
1	Date & Pecan
1	apple-sweet potato
1	orange-carrot
1	Orange juice drink
1	Gums
1	seed gums (includes locust bean
1	guar)
1	restructured
1	baked product
1	finger snacks cereal fortified
1	green beans and turkey
1	butter-margarine blend
1	caesar dressing
1	green goddess
1	caramel with nuts
1	nougat
1	gum drops
1	no sugar or low calorie (sorbitol)
1	Breakfast bars
1	coconut (include granola bar)
1	ranch style
1	Luncheon slices
1	Vegetarian fillets
1	cooking
1	saccharin (sodium saccharin)
1	Tomato sauce
1	ALPEN
1	FAMILIA
1	wheat and bran
1	presweetened with nuts and fruits
1	cream cheese base
1	oriental style
1	curd cheese
1	mixed (corn
1	carrots) canned
1	Loganberries
1	Mangosteen
1	casaba
1	canned (small-extra large)
1	canned (jumbo-super colossal)
1	with added calcium and vitamin D
1	Orange peel
1	Orange-grapefruit juice
1	Papaya nectar
1	Passion-fruit
1	(granadilla)
1	spiced
1	Pitanga
1	(surinam-cherry)
1	Pomegranates
1	pickled pork hocks
1	petite tender
1	Corn with red and green peppers
1	Cornsalad
1	Jerusalem-artichokes
1	Jew's ear
1	(pepeao)
1	Kanpyo
1	(dried gourd strips)
1	iceberg (includes crisphead types)
1	green leaf
1	oven heated
1	Potato salad
1	Pumpkin pie mix
1	(vegetable oyster)
1	Sauerkraut
1	flower clusters
1	stalks
1	freshly harvest
1	stored
1	kernels
1	cut off cob
1	sweet (includes bread and butter pickles)
1	low sodium (includes bread and butter pickles)
1	packed in oil
1	ancho
1	chowchow
1	with cauliflower onion mustard
1	Epazote
1	Malabar spinach
1	Yautia (tannier)
1	from unroasted kernels (non-chemically removed seed coat)
1	watermelon seed kernels
1	frozen (liquid expressed from grated meat and water)
1	from raw and stone ground kernels
1	all flavors except macadamia
1	dried (decorticated)
1	with salt added (decorticated)
1	sunflower seed kernels from shell
1	smoke flavor
1	strip steaks
1	BUD LIGHT
1	milk chocolate coated raisins
1	HERSHEY'S POT OF GOLD Almond Bar
1	truffles
1	M&M's Semisweet Chocolate Mini Baking Bits
1	M&M's Peanut Chocolate Candies
1	M&M's Milk Chocolate Candies
1	M&M's Milk Chocolate Mini Baking Bits
1	peanut bar
1	peanut brittle
1	RAISINETS Chocolate Covered Raisins
1	sesame crunch
1	SNICKERS Bar
1	Original fruits
1	M&M's MINIs Milk Chocolate Candies
1	SPECIAL DARK Chocolate Bar
1	Gelatins
1	apple crisp
1	coconut-nut
1	cream cheese-flavor
1	HERSHEY'S MILK CHOCOLATE WITH ALMOND BITES
1	REESE'S BITES
1	REESE'S NUTRAGEOUS Candy Bar
1	HERSHEY'S
1	ALMOND JOY BITES
1	REESESTICKS crispy wafers
1	KIT KAT BIG KAT Bar
1	REESE'S
1	FAST BREAK
1	milk chocolate peanut butter and soft nougats
1	fruit and juice bars
1	dark chocolate coated coffee beans
1	SUNKIST
1	SUNKIST Fruit Roll
1	milk chocolate coated coffee beans
1	lime
1	SNICKERS MUNCH bar
1	POP'ABLES SNICKERS Brand Bite Size Candies
1	POP'ABLES MILKY WAY Brand Bite Size Candies
1	POP'ABLES 3 MUSKETEERS Brand Bite Size Candies
1	Fruit and Creme
1	STARBURST Sour Fruit Chews
1	COCOAVIA Chocolate Bar
1	COCOAVIA Blueberry and Almond Chocolate Bar
1	COCOAVIA Crispy Chocolate Bar
1	EQUAL
1	packets
1	high-fructose
1	malt
1	SNICKERS CRUNCHER
1	marshmallow cream
1	nuts in syrup
1	SKITTLES Tropical Bite Size Candies
1	taffy
1	toffee
1	graham and marshmallow
1	nut and raisin
1	sugar syrup/caramel
1	KELLOGG'S RICE KRISPIES TREATS Squares
1	KELLOGG'S Low Fat Granola Bar
1	Crunchy Almond/Brown Sugar
1	sodium-citrate and salt
1	added phosphorus
1	vitamin C
1	no added sodium
1	Cornstarch
1	Oats (Includes foods for USDA's Food Distribution Program)
1	pearl
1	Triticale
1	hard white
1	soft white
1	durum
1	tortilla mix
1	Barley flour or meal
1	Barley malt flour
1	Oat flour
1	partially debranned
1	cooked without salt
1	with artificial sweetener
1	hot pickled
1	Vegetable juice
1	DAILY GREENS
1	chicken and cheese
1	beef and cheese
1	Potsticker or wonton
1	pork and vegetable
1	made from reduced fat packaged mix
1	microwaveable
1	prepared (with canola/vegetable oil blend or diced tomatoes and margarine)
1	cheese flavor
1	Dumpling
1	potato- or cheese-filled
1	chicken- or turkey-
1	and vegetable-filled
1	egg and cheese breakfast biscuit
1	HUNGRY MAN
1	BANQUET
1	family size
1	JIMMY DEAN
1	and Cheese Breakfast Biscuit
1	24 calories ready-to-feed Low iron
1	Banana with orange medley
1	polar
1	eyes (Alaska Native)
1	blackfish
1	whole (Alaska Native)
1	frozen (Alaska Native)
1	bone marrow
1	Cloudberries
1	Cockles
1	bush
1	Cranberry
1	low bush or lingenberry
1	plain (Alaska Native)
1	air-dried
1	packed in oil (Alaska Native)
1	Huckleberries
1	Tennis Bread
1	plain (Apache)
1	red (sockeye)
1	filets with skin
1	raw (Southwest)
1	steamed (Northern Plains Indians)
1	broiled (Northern Plains Indians)
1	Stinging Nettles
1	blanched (Northern Plains Indians)
1	Pinon Nuts
1	hind quarter
1	cooked (Alaska Native)
1	fish with shortening (Alaskan ice cream) (Alaska Native)
1	meat with fat (Alaska Native)
1	fat (Alaska Native)
1	dried seeds
1	Hazelnuts
1	beaked (Northern Plains Indians)
1	herbal
1	Hohoysi (Hopi)
1	Sakwavikaviki (Hopi)
1	somiviki (Hopi)
1	9 oz house sirloin steak
1	FRIDAY'S Shrimp
1	fried mozzarella
1	crunchy onion rings
1	chicken tenders platter
1	macaroni n' cheese
1	lasagna with meat
1	lasagna classico
1	cheese tamales
1	chicken parmesan without cavatappi pasta
1	chicken parmigiana without pasta
1	stick or tub
1	GREAT GRAINS Crunchy Pecan Cereal
1	with coconut
1	vegetable and brown rice
1	peas and brown rice
1	corn and canola
1	calcium fortified (fat free or skim)
1	POST GREAT GRAINS Banana Nut Crunch
1	banana pudding
1	blue or roquefort cheese
1	any flavors
1	dietetic or low calorie (sorbitol)
1	low sugar or low calorie
1	sugarless
1	Fluid replacement
1	electrolyte solution (include PEDIALYTE)
1	Vermicelli
1	made from soy
1	liquid from stewed kidney beans
1	Vegetarian meatloaf or patties
1	hawaiian style
1	japanese style
1	Bacon bits
1	Butter replacement
1	without fat
1	Whipped cream substitute
1	dietetic
1	made from powdered mix
1	american cheddar
1	frozen mixture
1	Dove
1	cooked (includes squab)
1	Loquats
1	Mammy-apple
1	(mamey)
1	Mangos
1	Melon balls
1	Mulberries
1	Oheloberries
1	valencias
1	Tangerine juice
1	Papayas
1	Papaya
1	native
1	chunks
1	shellie
1	drained without salt
1	Celtuce
1	Chicory greens
1	Chicory roots
1	Coriander (cilantro) leaves
1	dehydrated flakes
1	spring or scallions (includes tops and bulb)
1	young green
1	tops only
1	welsh
1	green (includes baby and lesuer types)
1	home-prepared with butter
1	granules without milk
1	prepared from granules without milk
1	granules with milk
1	prepared from granules with milk
1	water and margarine added
1	pan fried in canola oil
1	with green chilies
1	with mushrooms
1	with herbs and cheese
1	(matai)
1	Watercress
1	Winged bean tuber
1	Eppaw
1	mung
1	white icicle
1	spanish style
1	candied
1	Potato pancakes
1	Radish seeds
1	skin with salt
1	flowers
1	shoots
1	low fat (glandless)
1	cottonseed meal
1	hemp seed
1	roasted and toasted
1	without salt added (decorticated)
1	sunflower seed flour
1	almond paste
1	beechnuts
1	not sweetened
1	raw (liquid expressed from grated meat and water)
1	canned (liquid expressed from grated meat and water)
1	coconut water (liquid from coconuts)
1	hickorynuts
1	unflavored
1	CHOSEN ROASTER
1	from roasted and toasted kernels (most common type)
1	high-fat
1	suet
1	bottom round roast
1	with no added salt
1	air-popped (Unsalted)
1	white popcorn
1	POPSICLE SCRIBBLERS
1	sucralose
1	SPLENDA packets
1	FUDGSICLE pops
1	and grape POPSICLE pops
1	SLIM-A-BEAR Fudge Bar
1	98% fat free
1	All Natural Light Vanilla
1	Butter Pecan
1	Vanilla Fudge Twirl
1	No Sugar Added CREAMSICLE Pops
1	CREAMSICLE Pops
1	All Natural Light French Chocolate
1	98% Fat Free Chocolate
1	45- 59% cacao solids
1	60-69% cacao solids
1	70-85% cacao solids
1	NFS (45-59% cacao solids 90%; 60-69% cacao solids 5%; 70-85% cacao solids 5%)
1	crispy bar with peanut butter filling
1	Canadian
1	BUTTERFINGER Crisp
1	fruit snacks
1	marmalades
1	sweetened with fruit juice
1	Tamarind
1	coconut bar
1	not chocolate covered
1	Corn bran
1	ground beef
1	and tomatoes
1	double
1	regular patty and bun
1	large patty; plain
1	chicken fillet sandwich
1	plain with pickles
1	with tartar sauce
1	with tartar sauce and cheese
1	roast beef on white bread with lettuce and tomato
1	tuna on white bread with lettuce and tomato
1	Chick-n-Strips
1	BIG DADDY'S LS 16" 51% Whole Grain Rolled Edge Cheese Pizza
1	sweet onion chicken teriyaki on white bread with lettuce
1	SUBWAY CLUB sub on white bread with lettuce and tomato
1	roast beef and ham on white bread with lettuce and tomato
1	oven roasted chicken on white bread with lettuce and tomato
1	steak & cheese sub on white bread with American cheese
1	steak and cheese on white bread with cheese
1	B.L.T. sub on white bread with bacon
1	and tomato on white bread
1	oven roasted chicken sub on white bread with lettuce and tomato
1	cold cut sub on white bread with lettuce and tomato
1	tuna sub on white bread with lettuce and tomato
1	crispy chicken filet sandwich
1	with lettuce and mayonnaise
1	FILET-O-FISH
1	QUARTER POUNDER
1	without cheese
1	CLASSIC DOUBLE
1	Frosty Dairy Dessert
1	Premium Fish Sandwich
1	Original Chicken Sandwich
1	Original Taco with beef
1	Soft Taco with beef
1	BURRITO SUPREME with chicken
1	BURRITO SUPREME with steak
1	Nachos Supreme
1	Spicy Chicken Strips
1	Crispy Chicken Strips
1	Yogurt parfait
1	with fruit and granola
1	grilled chicken filet sandwich
1	tomato and spread
1	(fuki)
1	kimchi
1	witloof
1	brine pack
1	Poi
1	home-prepared from recipe using butter
1	flakes without milk
1	year round average
1	without salt added (Includes foods for USDA's Food Distribution Program)
1	Tomato powder
1	green peppers
1	and celery
1	with tomato tidbits
1	Vinespinach
1	(basella)
1	Winged bean leaves
1	harvard
1	(bulb and lower-leaf portion)
1	Carrot juice
1	Corn pudding
1	whole milk added
1	Spinach souffle
1	wakame
1	home-prepared from recipe using margarine
1	home-prepared with margarine
1	Winged bean
1	safflower seed kernels
1	safflower seed meal
1	sesame meal
1	acorn flour
1	butternuts
1	packaged
1	raw (liquid expressed from grated meat)
1	PLANTERS pistachio blend
1	pilinuts
1	pinyon
1	cottonseed kernels
1	roasted (glandless)
1	sandwich steaks
1	formed and thinly sliced
1	with added potassium
1	very low sodium
1	unsalted nuts and seeds
1	sugar-coated almonds
1	hi-fat or breakfast
1	soft fruit and nut squares
1	All Natural Light French Vanilla
1	98% Fat Free Vanilla
1	All Natural Light Vanilla Chocolate Strawberry
1	All Natural Light Mint Chocolate Chip
1	Vanilla Chocolate Strawberry
1	SLIM-A-BEAR Chocolate Cone
1	SLIM-A-BEAR Vanilla Sandwich
1	SLIM-A-BEAR
1	Stickless Bar
1	Chocolate Caramel
1	REESE's Fast Break
1	soft nougats
1	candy bar
1	COCOAVIA Chocolate Covered Almonds
1	turbinado
1	sugar substitute
1	M&M MARS 3 MUSKETEERS Truffle Crisp
1	HERSHEY'S Sugar free
1	Genuine Chocolate Flavored
1	Lite Syrup
1	M&M MARS Pretzel Chocolate Candies
1	herbal extract powder from Stevia leaf
1	HERSHEYS
1	PAYDAY Bar
1	Arrowroot flour
1	Buckwheat flour
1	whole-groat
1	hard shell
1	with condiments and vegetables
1	cold cut on white bread with lettuce and tomato
1	french fried in vegetable oil
1	Vanilla Shake
1	BIG DADDY'S LS 16" 51% Whole Grain Rolled Edge Turkey Pepperoni Pizza
1	TONY'S SMARTPIZZA Whole Grain 4x6 Cheese Pizza 50/50 Cheese
1	TONY'S SMARTPIZZA Whole Grain 4x6 Pepperoni Pizza 50/50 Cheese
1	TONY'S Breakfast Pizza Sausage
1	sweet onion chicken teriyaki sub on white bread with lettuce
1	turkey breast on white bread with lettuce and tomato
1	ham on white bread with lettuce and tomato
1	meatball marinara sub on white bread (no toppings)
1	meatball marinara on white bread
1	single patty
1	turkey breast sub on white bread with lettuce and tomato
1	black forest ham sub on white bread with lettuce and tomato
1	roast beef sub on white bread with lettuce and tomato
1	boneless pieces
1	QUARTER POUNDER with Cheese
1	BIG MAC
1	Homestyle Chicken Fillet Sandwich
1	Ultimate Chicken Grill Sandwich
1	Soft Taco with chicken
1	Soft Taco with steak
1	Bean Burrito
1	BURRITO SUPREME with beef
1	Taco Salad
1	Popcorn Chicken
1	grilled chicken
1	bacon and tomato club sandwich
1	crispy chicken
1	and tomato club sandwich
1	Skin and breading from all pieces
1	taco with chicken
1	lettuce and cheese
1	quesadilla
1	with chicken
1	WEND'YS
1	Crispy Chicken Sandwich
1	DAVE'S Hot 'N Juicy 1/4 LB
1	single
1	strawberry banana smoothie made with ice and low-fat yogurt
1	Southern Style Chicken Biscuit
1	Crispy
1	Double Stack
1	crispy chicken in tortilla
1	grilled chicken in tortilla
1	breakfast burrito
1	prepared with garlic and parmesan cheese
1	PIZZA HUT
1	parmesan garlic
1	chicken sandwich
1	ARBY'S
1	classic
1	fontina
1	port de salut
1	tilsit
1	cold pack
1	light (coffee cream or table cream)
1	light whipping
1	heavy whipping
1	cream topping
1	with blend of hydrogenated vegetable oils
1	1.5 ounce prepared with 1/2 cup milk
1	semi solid
1	with added nonfat milk solids and vitamin A and vitamin D
1	sheep
1	thick chocolate
1	thick vanilla
1	skim milk
1	low fat.
1	9 g protein/8 oz
1	Milk dessert bar
1	made from lowfat milk
1	mixed berry blend
1	Nutritional supplement for people with diabetes
1	nonfat (Includes foods for USDA's Food Distribution Program)
1	American or Cheddar cheese base
1	queso cotija
1	sharp
1	non-fat
1	cone
1	added peanuts and chocolate sauce
1	Pomegranate
1	Blackberry
1	bay leaf
1	caraway seed
1	cardamom
1	celery seed
1	coriander leaf
1	coriander seed
1	cumin seed
1	curry powder
1	dill seed
1	ginger
1	mace
1	marjoram
1	mustard seed
1	red or cayenne
1	saffron
1	sage
1	savory
1	tarragon
1	applesauce with banana
1	fruit and vegetable
1	apple and sweet potato
1	bananas with apples and pears
1	orange and apple and banana
1	orange and apricot
1	orange and banana
1	orange and pineapple
1	cherry cobbler
1	fruit punch
1	multigrain cereal and added DHA fortified
1	ALIMENTUM ADVANCE
1	mashed cheddar potatoes and broccoli
1	toddlers
1	multigrain cereal and added iron fortified
1	ENFAGROW PREMIUM (formerly ENFAMIL
1	NEXT STEP)
1	banana and strawberry
1	banana with mixed berries
1	Multigrain whole grain cereal
1	Baby MUM MUM Rice Biscuits
1	KRAFT Mayo Light Mayonnaise
1	KRAFT Mayo Fat Free Mayonnaise Dressing
1	KRAFT MIRACLE WHIP FREE Nonfat Dressing
1	sesame seed dressing
1	soybean and safflower oil
1	soybean (partially hydrogenated)-cottonseed (partially hydrogenated)
1	sesame
1	linoleic (less than 60%)
1	(approx. 65%)
1	(over 70%)
1	high oleic (primary safflower oil of commerce)
1	grapeseed
1	industrial and retail
1	all purpose salad or cooking
1	walnut
1	apricot kernel
1	Natreon canola
1	high stability
1	non trans
1	high oleic (70%)
1	honey mustard dressing
1	BENECOL Light Spread
1	spray-style dressing
1	SMART BALANCE
1	Omega Plus light
1	Margarine-like vegetable-oil spread
1	high oleic
1	Dressing
1	light meat without skin
1	fryer-roasters
1	Pate de foie gras
1	canned (goose liver pate)
1	battered
1	from backs and necks with skin
1	from backs and necks without skin
1	from mature hens
1	no broth
1	heated (conventional oven)
1	bean with ham
1	chunky chicken noodle
1	chicken vegetable
1	manhattan style
1	chunky beef
1	cream of vegetable
1	sofrito
1	broccoli cheese
1	Indian Bean Masala
1	Moroccan Chick Pea
1	Thai Coconut Curry
1	Vietnamese Carrot Lemongrass
1	MEZZETTA
1	NAPA VALLEY BISTRO
1	CHA! BY TEXAS PETE
1	TUONG OT SRIRACHA
1	gjetost
1	gouda
1	gruyere
1	limburger
1	neufchatel
1	romano
1	roquefort
1	Eggnog
1	Sour dressing
1	non-butterfat
1	filled cream-type
1	2%fat
1	coconut blend
1	with hydrogenated vegetable oil and soy protein
1	with lauric acid oil and sodium caseinate
1	Milk substitutes
1	producer
1	3.7% milkfat
1	vitamin A and vitamin D (fat free or skim)
1	with added vitamin A and vitamin D (fat free and skim)
1	calcium reduced
1	with added vitamin D and without added vitamin A
1	chocolate beverage
1	hot cocoa
1	human
1	indian buffalo
1	11g protein/8 oz
1	Mexican blend
1	reduced fat (Includes foods for USDA's Food Distribution Program)
1	stick or nugget
1	with crunch coating
1	covered with chocolate and nuts
1	Ice cream sundae cone
1	Creamsicle
1	lemon blend
1	Clarified butter (ghee)
1	allspice
1	anise seed
1	chervil
1	chili powder
1	cloves
1	fennel seed
1	fenugreek seed
1	garlic powder
1	nutmeg
1	onion powder
1	oregano
1	paprika
1	poppy seed
1	poultry seasoning
1	pumpkin pie spice
1	without vitamin c
1	mango with tapioca
1	guava and papaya with tapioca
1	papaya and applesauce with tapioca
1	apple-banana juice
1	apple and peach
1	apple and prune
1	orange and apple
1	prune and orange
1	mixed fruit
1	with apples
1	with eggs
1	egg yolks and bacon
1	oatmeal cereal with fruit
1	toddler fortified
1	GRADUATES Lil Biscuits Vanilla Wheat
1	Zwieback
1	tropical fruit
1	apple and grape
1	prepared from liquid concentrate
1	ENFAMIL GENTLEASE
1	fortified cereal bar
1	fruit filling
1	with ARA and DHA powder not reconstituted
1	Toddler ready-to-feed
1	NUTRAMIGEN AA
1	20 calories
1	24 calories
1	Expert Care
1	Diarrhea
1	ready- to- feed with ARA and DHA
1	LIL CRUNCHIES
1	baked whole grain corn snack
1	beef tallow
1	Lard
1	thousand island
1	mayonnaise type
1	milk cream
1	soybean without cholesterol
1	with chopped pickle
1	olive
1	spread
1	35-39% fat
1	vinegar and oil
1	soybean oil
1	cocoa butter
1	Vegetable oil
1	tomatoseed
1	teaseed
1	soybean lecithin
1	hazelnut
1	babassu
1	sheanut
1	PAM cooking spray
1	margarine-like vegetable oil spread
1	67-70% fat
1	CANOLA HARVEST Soft Spread (canola
1	palm and palm kernel oils)
1	cooking and salad
1	ENOVA
1	80% diglycerides
1	approximately 37% fat
1	low linolenic
1	ultra low linolenic
1	contains added sliced flaxseed
1	with olive oil
1	mayonnaise-type
1	young hen
1	Turkey and gravy
1	Turkey thigh
1	Turkey roast
1	from turkey frames
1	heated (microwave)
1	beef broth or bouillon canned
1	chicken rice
1	chicken and vegetable
1	beef broth bouillon and consomme
1	lentil with ham
1	Chicken Noodle Soup
1	unspecified type
1	made from coconut
1	Santa Fe Corn Chowder
1	French Lentil
1	Greek Minestrone
1	BUITONI
1	pesto with basil
1	CLASSICO
1	cheese sauce mix
1	chicken corn chowder
1	bean with bacon
1	brown instant
1	instant beef
1	instant turkey
1	with water
1	vegetable soup
1	tomato chili sauce
1	vegetable chicken
1	meat or poultry
1	savory beef
1	Barbecue loaf
1	alfredo mix
1	mature red
1	immature green
1	Fish broth
1	Potato soup
1	worcestershire
1	beef and mushroom
1	beef stroganoff
1	chunky style
1	bouillon cubes and granules
1	Berliner
1	Blood sausage
1	Bockwurst
1	Braunschweiger (a liver sausage)
1	link
1	Cheesefurter
1	cheese smokie
1	not canned
1	Ham and cheese loaf or roll
1	Ham and cheese spread
1	Headcheese
1	ALPHA-BITS
1	CAP'N CRUNCH
1	CAP'N CRUNCH with CRUNCHBERRIES
1	CAP'N CRUNCH'S PEANUT BUTTER CRUNCH
1	FRUITY PEBBLES
1	granola
1	GRAPE-NUTS Cereal
1	GRAPE-NUTS Flakes
1	SWEET CRUNCH/QUISP
1	POST Raisin Bran Cereal
1	QUAKER Puffed Rice
1	GOLDEN CRISP
1	KRETSCHMER Honey Crunch Wheat Germ
1	prepared with water (boiling water added or microwaved)
1	apples and cinnamon
1	QUAKER Puffed Wheat
1	regular and quick and instant
1	Blueberry Mini SPOONERS
1	OAT BLENDERS with honey
1	OAT BLENDERS with honey & almonds
1	Honey Nut SCOOTERS
1	Cinnamon Swirl
1	blueberry hazelnut
1	apple walnut
1	summer berry
1	Acerola
1	(west indian cherry)
1	Acerola juice
1	unheated (Includes foods for USDA's Food Distribution Program)
1	without added ascorbic acid (Includes foods for USDA's Food Distribution Program)
1	Apricot nectar
1	Breadfruit
1	Carambola
1	(starfruit)
1	Crabapples
1	zante
1	Custard-apple
1	(bullock's-heart)
1	deglet noor
1	Elderberries
1	clod steak
1	wonton
1	verde
1	tomato based
1	tartar
1	SWEET BABY RAY'S
1	BULL'S-EYE
1	KC MASTERPIECE
1	OPEN PIT
1	FRITO'S
1	vanilla with caramel
1	and chocolate coating
1	animal
1	with frosting or icing
1	not chocolate
1	with icing or filling
1	oatmeal sandwich
1	with whole wheat
1	peanut butter filled
1	toast thins
1	water biscuits
1	chocolate wafer
1	lemon wafer
1	vanilla sandwich
1	and potato starch
1	and corn starch
1	and sorghum flour
1	chocolate cream covered biscuit sticks
1	Marie biscuit
1	tonic water
1	with added caffeine
1	niacin
1	pantothenic acid
1	vitamins B6 and B12
1	root beer
1	Gamay
1	chocolate drink
1	milk and soy based
1	prepared with 1% milk
1	high caffeine
1	cola or pepper-types
1	Lemonade fruit juice drink light
1	fortified with vitamin E and C
1	chocolate-flavor beverage mix
1	breakfast blend
1	Clam and tomato juice
1	ginseng and honey
1	Rich Chocolate Hot Cocoa Mix
1	Diet Cranberry Juice
1	with chicory
1	French Vanilla Cafe
1	Cran Raspberry Juice Drink
1	Cran Lemonade
1	Diet Cran Cherry
1	cranberry-grape juice drink
1	saccharin and corn sweetener
1	Eggnog-flavor mix
1	Malt liquor beverage
1	rose
1	Cran Pomegranate
1	without added nutrients
1	Tropical Punch
1	grape drink
1	whiskey) 86 proof
1	whiskey) 90 proof
1	chocolate-flavored soda
1	EVIAN
1	Powerade Zero Ion4
1	calorie-free
1	Merlot
1	natural fruit flavors
1	Diet Tropical Blend
1	Berry Blend
1	Guava Passion Fruit
1	Strawberry Kiwi
1	Tropical Blend
1	Monster
1	fortified with vitamins C
1	B2
1	B3
1	Meal supplement drink
1	peanut flavor
1	with corn syrup and/or sugar and low calorie sweetener
1	Horchata
1	as served in restaurant
1	rice milk
1	VAULT
1	high vitamin C and added thiamin
1	hibiscus
1	greater than 3% juice
1	gefiltefish
1	sweet recipe
1	crab cakes
1	moist heat (may contain additives to retain moisture)
1	(lox)
1	Millet flour
1	brown rice flour
1	TINKYADA
1	corn flour and quinoa flour
1	ANCIENT HARVEST
1	with egg and sausage
1	with ham
1	with sausage
1	with cheese and sausage
1	and canadian bacon
1	with beans and cheese
1	DOMINO'S 14" EXTRAVAGANZZA FEAST Pizza
1	LITTLE CAESARS 14" Original Round Cheese Pizza
1	LITTLE CAESARS 14" Original Round Pepperoni Pizza
1	LITTLE CAESARS 14" Original Round Meat and Vegetable Pizza
1	PIZZA HUT 14" Super Supreme Pizza
1	Sausage McGRIDDLES
1	Vanilla Reduced Fat Ice Cream Cone
1	Strawberry Sundae
1	Sausage Burrito
1	BIG BREAKFAST
1	DOUBLE QUARTER POUNDER with Cheese
1	BIG MAC (without Big Mac Sauce)
1	Sausage McMUFFIN with Egg
1	Bacon Egg & Cheese Biscuit
1	Sausage Biscuit
1	Sausage Biscuit with Egg
1	McDONALD'S Bacon Ranch Salad with Crispy Chicken
1	Bacon Ranch Salad without chicken
1	Side Salad
1	Fruit 'n Yogurt Parfait
1	CROISSAN'WICH with Egg and Cheese
1	Hash Brown Rounds
1	miniature cinnamon rolls
1	hamburger; double
1	blended with cookie pieces
1	Mild Chicken Strips
1	Beef macaroni with tomato sauce
1	Pasta with Sliced Franks in Tomato Sauce
1	Turkey Pot Pie
1	Beef Pot Pie
1	Tortellini
1	pasta with cheese filling
1	meat topping
1	Chili con carne with beans
1	no beans
1	with meatballs in tomato sauce
1	Pasta with tomato sauce
1	no meat
1	meatballs & mozzarella stuffed sandwich
1	Ham N Cheddar
1	Meatballs & Mozzarella
1	microwavable bowls
1	dark and white meat
1	white meat
1	cheese with tomato sauce
1	not prepared
1	includes regular and light entrees
1	Lasagna with meat sauce
1	unspecified fat content
1	brick
1	brie
1	camembert
1	uncreamed
1	omelet
1	poached
1	without added vitamin A
1	with added vitamin A
1	hard type
1	Cheese substitute
1	Cheese sauce
1	queso anejo
1	pasteurized (Includes foods for USDA's Food Distribution Program)
1	Parmesan cheese topping
1	KRAFT CHEEZ WHIZ Pasteurized Process Cheese Sauce
1	KRAFT BREAKSTONE'S Reduced Fat Sour Cream
1	KRAFT BREAKSTONE'S FREE Fat Free Sour Cream
1	Reddi Wip Fat Free Whipped Topping
1	blend
1	queso blanco
1	Ice cream cookie sandwich
1	Ice cream cone
1	made with light ice cream
1	turmeric
1	alcohol
1	no alcohol
1	Capers
1	red wine
1	balsamic
1	sazon
1	coriander & annatto
1	taco
1	chicken sticks
1	finger snacks
1	PUFFS
1	without added fluoride
1	3rd Foods
1	mango and kiwi
1	tropical fruit medley
1	cheese filled
1	with tomato sauce
1	beef and rice
1	vegetables and lamb
1	pasta with vegetables
1	sweet potatoes strained
1	mix vegetables junior
1	garden vegetable
1	bananas and rice
1	and vegetables
1	apples and chicken
1	broccoli and chicken
1	Enfamil Premature High Protein 24 Calories
1	Enfamil Premature 30 Calories
1	Enfamil Reguline Powder
1	Pregestimil 24 Calories
1	Toddler drink
1	PurAmino Toddler Powder
1	ENFAMIL LIPIL
1	PM 60/40
1	powder not reconstituted
1	NUTRAMIGEN WITH LGG
1	PROSOBEE LIPIL
1	corn and sweet potatoes
1	SIMILAC NEOSURE
1	NEOSURE
1	SENSITIVE (LACTOSE FREE) ready-to-feed
1	Shortening bread
1	Shortening cake mix
1	soybean (hydrogenated) and cottonseed (hydrogenated)
1	palm (hydrogenated)
1	Shortening household soybean (hydrogenated) and palm
1	linoleic (less than 1%)
1	confectionery
1	fractionated palm
1	nutmeg butter
1	high oleic (70% and over)
1	margarine-butter blend
1	soybean oil and butter
1	Animal fat
1	bacon grease
1	mid-oleic
1	canola with antifoaming agent
1	principal uses salads
1	canola for salads
1	canola (partially hydrogenated) oil for deep fat frying
1	multiuse for non-dairy butter flavor
1	soy ( partially hydrogenated)
1	all purpose
1	soy (partially hydrogenated ) and soy (winterized)
1	pourable clear fry
1	soy (partially hydrogenated)  and cottonseed
1	principal use as a tortilla shortening
1	typical basis for ice cream coatings
1	used for whipped toppings
1	coconut (hydrogenated)
1	used for whipped toppings and coffee whiteners
1	palm and palm kernel
1	filling fat (non-hydrogenated)
1	soy and partially hydrogenated soy oil
1	use for baking
1	sauces and candy
1	SMART BALANCE Regular Buttery Spread with flax oil
1	SMART BALANCE Light Buttery Spread
1	traditional style
1	Miso
1	Natto
1	Soy meal
1	produced by alcohol extraction
1	Okara
1	Falafel
1	Peanut spread
1	lite firm
1	lite extra firm
1	Frijoles rojos volteados (Refried beans
1	canned)
1	Nasoya Lite Firm Tofu
1	Peanut butter with omega-3
1	made from hydrolyzed vegetable protein
1	opossum
1	mixed grain
1	cracked-wheat
1	french or vienna (includes sourdough)
1	boston cream pie
1	prepared from recipe with coconut frosting
1	pineapple upside-down
1	butter (includes fresh and frozen)
1	special dietary (includes lemon-flavored)
1	chocolate wafers
1	with extra creme filling
1	fig bars
1	fortune
1	chocolate-coated (includes marshmallow pies)
1	sugar wafers with creme filling
1	crispbread
1	saltines (includes oyster
1	Cracker
1	meal
1	enriched (includes apple
1	french crullers
1	enriched (includes honey buns)
1	with jelly filling
1	raisin-cinnamon
1	toasted (includes apple-cinnamon)
1	commercially prepared (Includes mini-muffins)
1	Pancakes plain
1	ready-to-heat (includes buttermilk)
1	complete (includes buttermilk)
1	coconut custard
1	vanilla cream
1	Phyllo dough
1	commercially prepared (includes brown-and-serve)
1	mixed-grain
1	brown-sugar-cinnamon
1	Wonton wrappers (includes egg roll wrappers)
1	sodium aluminum sulfate
1	straight phosphate
1	without raisins
1	protein
1	(includes gluten)
1	egg and onion
1	vanilla wafer
1	unenriched (includes corn muffin mix)
1	without lemon juice and rind
1	unenriched (includes apple
1	low sodium no salt
1	Ruffed Grouse
1	breast meat
1	inside drum
1	inside drums
1	outside drum
1	skin from whole (light and dark)
1	skin from whole
1	(light and dark)
1	hoisin
1	chicken vegetable with potato and cheese
1	HEALTHY CHOICE Chicken and Rice Soup
1	HEALTHY CHOICE Garden Vegetable Soup
1	Cream of Mushroom Soup
1	Old Fashioned Vegetable Beef Soup
1	Olive loaf
1	chicken liver
1	goose liver
1	not specified
1	Luxury loaf
1	Mother's loaf
1	Picnic loaf
1	pork and beef (nonfat dry milk added)
1	Thuringer
1	cervelat
1	summer sausage
1	Vienna
1	Honey roll sausage
1	Braunschweiger Liver Sausage (sliced)
1	Chicken Breast (honey glazed)
1	Ham (chopped with natural juice)
1	Salami (hard)
1	and turkey
1	and chicken
1	added ascorbic acid
1	includes SPAM
1	25% less sodium
1	pork with ham
1	includes Spam (Hormel)
1	links
1	beef with chicken
1	beef and turkey
1	98% fat-free
1	Yachtwurst
1	with pistachio nuts
1	mesquite flavor
1	Macaroni and cheese loaf
1	50% less sodium
1	truffle flavor
1	Scrapple
1	chocolate-flavored frosted puffed corn
1	Toasted Multigrain Crisps
1	QUAKER 100% Natural Granola with Oats
1	and Raisins
1	Low Fat 100% Natural Granola with Raisins
1	Butter flavor
1	FIBER 7 Flakes
1	BERRY COLOSSAL CRUNCH
1	Crispy Rice
1	TOOTIE FRUITIES
1	MOTHER'S PEANUT BUTTER BUMPERS Cereal
1	MOTHER'S Toasted Oat Bran cereal
1	bagged cereal
1	KRETSCHMER Wheat Germ
1	Quick Oats
1	Frosted Flakes
1	Raisin and Spice
1	Redeye Gravy & Country Ham flavor
1	Instant Grits Product with American Cheese Flavor
1	Ham 'n' Cheese flavor
1	HONEY GRAHAM SQUARES
1	Raisin Bran Cereal
1	Blueberry MUFFIN TOPS Cereal
1	Farina Hot Wheat Cereal
1	Maple & Brown Sugar Hot Wheat Cereal
1	Frosted Mini SPOONERS
1	Fruity DYNO-BITES
1	RALSTON Enriched Wheat Bran flakes
1	RALSTON Corn Biscuits
1	POST GREAT GRAINS Cranberry Almond Crunch
1	Rice and Wheat cereal bar
1	QUAKER Honey Graham LIFE Cereal
1	Cap'n Crunch's OOPS! All Berries Cereal
1	QUAKER Oatmeal Squares
1	Golden Maple
1	HONEY BUNCHES OF OATS with vanilla bunches
1	Cinnamon Spice
1	Organic FLAX PLUS flakes
1	BARBARA'S PUFFINS
1	with real strawberries
1	POST HONEY BUNCHES OF OATS with cinnamon bunches
1	Goji berries
1	pink and red and white
1	muscadine
1	Groundcherries
1	(cape-gooseberries or poha)
1	tripe cooked
1	tripe uncooked
1	97% lean meat /3% fat
1	94% fat free
1	SNICKERS MARATHON Double Chocolate Nut Bar
1	KUDOS Whole Grain Bars
1	SNICKERS MARATHON Honey Nut Oat Bar
1	M&M's milk chocolate
1	SNICKERS MARATHON Energy Bar
1	POWER BAR
1	Chocolate Blueberry Snack Bar
1	SLIM-FAST OPTIMA meal bar
1	milk chocolate peanut
1	soy chips or crisps
1	made with palm oil
1	plantain chips
1	granola bites
1	pita chips
1	confectioners coating
1	oats and chocolate
1	bagel chips
1	NUTRI-GRAIN FRUIT AND NUT BAR
1	yucca (cassava) chips
1	CHEWY TRAIL MIX
1	DIPPS
1	brown rice chips
1	Pretzel
1	hard chocolate coated
1	wasabi-flavored
1	SOUTH BEACH protein bar
1	BALANCE
1	original bar
1	shrimp cracker
1	Rice crackers
1	MONSTER energy drink
1	whiskey and powder mix
1	NOS energy drink
1	loaded cherry
1	charged citrus
1	yumberry
1	pomegranate with anti-oxidants
1	zero calories
1	EAS whey protein powder
1	creme de menthe
1	72 proof
1	Boost plus
1	nutritional drink
1	High Protein Shake
1	FUZE
1	orange mango
1	fortified with vitamins A
1	whey powder
1	Acai berry drink
1	Whey protein powder isolate
1	Hi-C Flashin' Fruit Punch
1	Protein powder whey based
1	Protein powder soy based
1	rich chocolate
1	GEROLSTEINER BRUNNEN GmbH & Co. KG (Gerolsteiner)
1	naturally sparkling
1	mineral bottled water
1	chocolate malt
1	prepared with fat free milk
1	chocolate almond milk
1	shelf-stable
1	fortified with vitamin D2 and E
1	Glaceau Vitamin Water
1	Revive Fruit Punch
1	Lemonada
1	Barbera
1	Zinfandel
1	Petite Sirah
1	Claret
1	Chenin Blanc
1	Fume Blanc
1	Mixed vegetable and fruit juice drink
1	Muller Thurgau
1	cream soda
1	Riesling
1	Sauvignon Blanc
1	grape soda
1	lemon-lime soda
1	no caffeine
1	SPRITE
1	lemon-lime
1	Burgundy
1	pepper-type
1	grape juice drink
1	dairy based.
1	orange and apricot juice drink
1	pineapple and grapefruit juice drink
1	pineapple and orange juice drink
1	other than chamomile
1	PERRIER
1	POLAND SPRING
1	without calcium propionate (includes sourdough)
1	unenriched flour
1	without added calcium
1	Date Filled Oatmeal
1	Dutch Cocoa
1	Frosty Lemon
1	Iced Molasses
1	Old Fashioned Molasses
1	Old Fashioned Windmill Cookies
1	Raspberry Filled
1	Brownberry Sage and Onion Stuffing Mix
1	Keebler
1	Keebler Chocolate Graham SELECTS
1	Continental Mills
1	Krusteaz Almond Poppyseed Muffin Mix
1	Artificially Flavored
1	Mckee Baking
1	Little Debbie Nutty Bars
1	Wafers with Peanut Butter
1	Nabisco Ritz Crackers
1	Chocolate Chip Cookies
1	Crusty French Loaf
1	UNCLE BENS
1	rice flour and rice bran extract
1	DE BOLES
1	corn and rice flour
1	with egg and bacon
1	with egg and ham
1	with crispy chicken fillet
1	and ham
1	round pieces or patty
1	soft-serve ice cream
1	with cone
1	caramel
1	hot fudge
1	with beans and beef
1	PIZZA HUT 12" Super Supreme Pizza
1	PAPA JOHN'S 14" Pepperoni Pizza
1	PAPA JOHN'S 14" The Works Pizza
1	LITTLE CAESARS 14" Pepperoni Pizza
1	Chicken McNUGGETS
1	Hotcakes (plain)
1	Hot Caramel Sundae
1	Hot Fudge Sundae
1	McFLURRY with M&M'S CANDIES
1	McFLURRY with OREO cookies
1	McCHICKEN Sandwich
1	McCHICKEN Sandwich (without mayonnaise)
1	Egg McMUFFIN
1	Sausage McMUFFIN
1	Deluxe Breakfast
1	with syrup and margarine
1	Hotcakes and Sausage
1	Hotcakes (with 2 pats margarine & syrup)
1	Bacon Ranch Salad with Grilled Chicken
1	Fruit 'n Yogurt Parfait (without granola)
1	FILET-O-FISH (without tartar sauce)
1	CROISSAN'WICH with Sausage
1	Egg and Cheese
1	CROISSAN'WICH with Sausage and Cheese
1	sausage patty
1	with breakfast steak
1	blended with milk chocolate candies
1	CROISSANT POCKETS Chicken
1	and Cheddar Stuffed Sandwich
1	HOT POCKETS Ham 'N Cheese Stuffed Sandwich
1	meat-filled
1	with tomato sauce or meat sauce
1	Beef stew
1	Chicken pot pie
1	corned beef hash
1	with potato
1	bean and cheese
1	mashed potatoes w/gravy
1	assorted vegetables
1	Rice bowl with chicken
1	prepared (includes fried
1	and sweet and sour varieties)
1	Macaroni and cheese dinner with dry sauce mix
1	boxed
1	prepared with 2% milk and 80% stick margarine from dry mix
1	Potato salad with egg
1	Pulled pork in barbecue sauce
1	Corn dogs
1	RICE-A-RONI
1	Butter oil
1	anhydrous
1	caraway
1	cheddar (Includes foods for USDA's Food Distribution Program)
1	cheshire
1	colby
1	edam
1	sugared
1	hard-boiled
1	flakes
1	without added vitamin A and vitamin D (fat free or skim)
1	semisoft type
1	key lime blend
1	soft type
1	queso asadero
1	queso chihuahua
1	1% fat
1	KRAFT CHEEZ WHIZ LIGHT Pasteurized Process Cheese Product
1	KRAFT FREE Singles American Nonfat Pasteurized Process Cheese Product
1	KRAFT VELVEETA Pasteurized Process Cheese Spread
1	KRAFT VELVEETA LIGHT Reduced Fat Pasteurized Process Cheese Product
1	dry grated
1	9 grams protein per 8 ounce
1	Muscle Milk Light
1	Dulce de Leche
1	liquid or frozen
1	lowfat milk
1	flavors not chocolate
1	bar or stick
1	Fat free ice cream
1	cider
1	Peppermint
1	Clif Z bar
1	juice treats
1	GERBER GRADUATE FRUIT  STRIPS
1	Real Fruit Bars
1	meat sticks
1	2nd Foods
1	carrot and squash
1	organic
1	beef lasagna
1	chicken soup
1	chicken stew
1	vegetables chicken
1	green beans and potatoes
1	SINGLE GRAIN
1	butternut squash and corn
1	vegetables and chicken
1	mix vegetables strained
1	apples with ham
1	carrots and beef
1	FRUIT SPLASHERS
1	YOGURT MELTS
1	sweet potatoes and chicken
1	Enfamil 24
1	Enfamil Enspire Powder
1	Enfamil Reguline
1	Nutramigen Toddler with LGG Powder
1	Pregestimil 20 Calories
1	liquid concentrate not reconstituted
1	with iron and fiber
1	GOOD START ESSENTIALS SOY
1	cupu assu
1	(partially hydrogenated) and cottonseed
1	beef tallow and cottonseed
1	Shortening confectionery
1	coconut (hydrogenated) and or palm kernel (hydrogenated)
1	ucuhuba butter
1	special purpose for cakes and frostings
1	special purpose for baking
1	soybean (hydrogenated) palm and cottonseed
1	cod liver
1	multipurpose
1	soybean (hydrogenated) and palm (hydrogenated)
1	approximately 40% fat
1	includes regular and hydrogenated corn and soybean oils
1	margarine-type vegetable oil spread
1	soybean and partially hydrogenated soybean
1	Margarine Spread
1	40-49% fat
1	principal uses candy coatings
1	oil sprays
1	roasting nuts
1	principal uses popcorn and flavoring vegetables
1	pourable liquid fry shortening
1	for woks and light frying
1	Margarine-like shortening
1	and soy
1	principal use flaky pastries
1	uses similar to high quality cocoa butter
1	uses similar to 95 degree hard butter
1	intermediate grade product
1	filling fat
1	soy (partially hydrogenated )
1	principal uses icings and fillings
1	soy oil (partially hydrogenated )
1	for flaky pastries
1	soy (partially hydrogenated ) and corn for frying
1	soy (partially hydrogenated ) for baking and confections
1	SMART BEAT Super Light without saturated fat
1	SMART BEAT Smart Squeeze
1	SMART BALANCE Omega Plus Spread (with plant sterols & fish oil)
1	cooked simmered
1	Canada Goose
1	breast meat only
1	drinking
1	with low-calorie sweeteners
1	prepared with water and ice
1	frozen concentrate.
1	PEPSI
1	AQUAFINA
1	NAYA
1	with Fluoride
1	drink mix
1	QUAKER OATS
1	orange flavor
1	G performance O 2
1	ready-to-drink.
1	with added potassium and sodium
1	whiskey) 94 proof
1	whiskey) 100 proof
1	63 proof
1	surimi
1	drained solids (Includes foods for USDA's Food Distribution Program)
1	conch
1	baked or broiled
1	cooked as purchased
1	Yokan
1	prepared from adzuki beans and sugar
1	with pork and sweet sauce
1	with pork and tomato sauce
1	Carob flour
1	canned with pork
1	Organic Nasoya Extra Firm Tofu
1	Organic Nasoya Firm Tofu
1	Organic Nasoya Silken Tofu
1	chocolate and other flavors
1	SILK Chocolate
1	SILK Light Plain
1	SILK Light Vanilla
1	SILK Light Chocolate
1	SILK Very Vanilla
1	SILK Nog
1	SILK Chai
1	SILK Mocha
1	SILK Raspberry soy yogurt
1	SILK Peach soy yogurt
1	SILK Black Cherry soy yogurt
1	SILK Blueberry soy yogurt
1	SILK Hazelnut Creamer
1	Soft Tofu
1	Vitasoy USA Nasoya
1	Lite Silken Tofu
1	Tofu Plus Extra Firm
1	Silken Tofu
1	HOUSE FOODS Premium Soft Tofu
1	HOUSE FOODS Premium Firm Tofu
1	mature seed
1	Chicken spread
1	Corned beef loaf
1	Dutch brand loaf
1	Ham salad spread
1	Knackwurst
1	knockwurst
1	Lebanon bologna
1	Liver cheese
1	Liver sausage
1	liverwurst
1	deli
1	rotisserie seasoned
1	chicken or turkey
1	CHEERIOS
1	COCOA PEBBLES
1	QUAKER CRUNCHY BRAN
1	RALSTON CRISP RICE
1	POST Bran Flakes
1	Honeycomb Cereal
1	KING VITAMAN
1	QUAKER OAT LIFE
1	100% Natural Granola
1	Wheat and Honey
1	RALSTON TASTEEOS
1	Honey Nut Shredded Wheat
1	CORN BURSTS
1	prepared (microwaved or boiling water added)
1	cheddar cheese flavor
1	Country Bacon flavor
1	10 minute cooking
1	with raisins and spice
1	MARSHMALLOW MATEYS
1	original big biscuit
1	original spoon-size
1	lightly frosted
1	POST SELECTS Blueberry Morning
1	QUAKER WHOLE HEARTS oat cereal
1	peach almond
1	cherry pistachio
1	weight control
1	Sweetened WHEAT-FULS
1	heated (Includes foods for USDA's Food Distribution Program)
1	diluted with 3 volume water without added ascorbic acid
1	or banana powder
1	Blackberry juice
1	Carissa
1	(natal-plum)
1	Cherimoya
1	Cranberry-orange relish
1	european black
1	red and white
1	boneless separable lean and fat
1	Beef composite
1	tri-tip steak
1	cocktail
1	cheese and salsa- medium
1	TOSTITOS
1	made from peanut butter
1	classic chicken
1	beef barley
1	enchilada
1	paratha
1	bollilo
1	butter or sugar
1	with chocolate icing or filling
1	with icing or coating
1	plain or honey
1	chocolate-covered
1	wheat/cracked wheat
1	chocolate chip sandwich
1	made with rice cereal
1	with rice cereal and chocolate chips
1	fish-shaped
1	made with potato extract
1	and rice flour
1	corn starch
1	and/or tapioca
1	multigrain and vegetable
1	made with corn starch and white rice flour
1	multi-seeded and multigrain
1	Mouvedre
1	Chardonnay
1	Kiwi Strawberry Juice Drink
1	Apple juice drink
1	Zero
1	Mixed Berry
1	fortified with calcium
1	vitamins A
1	D2
1	Oolong
1	Hot Cocoa Mix Rich Chocolate With Marshmallows
1	half the caffeine
1	coffee and cocoa
1	with whitener and low calorie sweetener
1	aloe vera juice drink
1	Cran Grape
1	Light Cranberry and Raspberry Flavored Juice
1	White Cranberry Strawberry Flavored Juice Drink
1	malt beer
1	hard lemonade
1	cranberry-apricot juice drink
1	AMBER
1	hard cider
1	Cran Cherry
1	White Cranberry Peach
1	Concord Grape
1	with non dairy creamer
1	prepared with distilled water
1	chamomile
1	generic
1	Water with added vitamins and minerals
1	assorted fruit flavors
1	Diet Berry Blend
1	Diet Fruit Medley
1	Diet Strawberry Kiwi
1	Mango Peach
1	Orange Pineapple
1	Orchard Blend
1	V8 V- FUSION Juices
1	Acai Berry
1	FULL THROTTLE
1	Vegetable and fruit juice drink
1	added vitamin C
1	milk beverage
1	flavored and sweetened
1	vegetable and fruit juice blend
1	with vitamin E added
1	VAULT Zero
1	Gatorade G2
1	less than 3% juice
1	not fortified with vitamin C
1	Fruit flavored drink containing less than 3% fruit juice
1	nutritional shake mix
1	fresh water
1	caviar
1	black and red
1	granular
1	dried and salted
1	raw (may have been previously frozen)
1	fish sticks
1	solids with bone and liquid
1	cellophane or long rice (mung beans)
1	with salt (Includes foods for USDA's Food Distribution Program)
1	Meat extender
1	mature cooked
1	Soy sauce made from soy (tamari)
1	Soy sauce made from hydrolyzed vegetable protein
1	Veggie burgers or soyburgers
1	Chickpea flour (besan)
1	smooth (Includes foods for USDA's Food Distribution Program)
1	vegetarian
1	Organic Nasoya Super Firm Cubed Tofu
1	traditional
1	produced by acid wash
1	potassium type
1	raccoon
1	plate half
1	flat fillet
1	fan
1	outside leg
1	back meat only
1	thick
1	pepper or hot
1	TABASCO
1	shark fin
1	bean & ham
1	Split pea soup
1	prepared with water or ready-to serve
1	Split pea with ham soup
1	thin
1	HEALTHY CHOICE Chicken Noodle Soup
1	Tomato Soup
1	Classic Chicken Noodle Soup
1	Hearty Beef Barley Soup
1	New England Clam Chowder
1	bouillon
1	consomme
1	turkey noodle
1	turkey vegetable
1	Roast beef
1	deli style
1	Mortadella
1	Peppered loaf
1	Pepperoni
1	Pickle and pimiento loaf
1	Polish sausage
1	Poultry salad sandwich spread
1	Luncheon sausage
1	New england brand
1	Bologna (beef)
1	Smokies Sausage Little Cheese (pork
1	turkey)
1	Wieners (beef franks)
1	Hormel Pillow Pak Sliced Turkey Pepperoni
1	pork and chicken
1	includes Spam Lite
1	Liverwurst spread
1	Roast beef spread
1	less sodium
1	Swisswurst
1	with swiss cheese
1	Bacon and beef sticks
1	lemon pepper flavor
1	97% fat-free
1	deli cut
1	COCO-ROOS
1	QUAKER OAT CINNAMON LIFE
1	HONEY GRAHAM OH!S
1	fruit and cream variety
1	dates and walnuts
1	Waffle Crisp
1	COLOSSAL CRUNCH
1	MOTHER'S Cinnamon Oat Crunch
1	MOTHER'S GRAHAM BUMPERS
1	MOTHER'S COCOA BUMPERS
1	KRETSCHMER Toasted Wheat Bran
1	Cinnamon-Spice
1	DINOSAUR EGGS
1	Brown Sugar
1	UNCLE SAM CEREAL
1	Quick Oats with Iron
1	Whole Wheat Natural Cereal
1	Honey BUZZERS
1	GOLDEN PUFFS
1	Honey Nut TOASTY O'S
1	Apple ZINGS
1	CINNAMON TOASTERS
1	Cocoa DYNO-BITES
1	RALSTON Corn Flakes
1	RALSTON Crispy Hexagons
1	Milk and cereal bar
1	Christmas Crunch
1	POST SELECTS Maple Pecan Crunch
1	Organic FLAX PLUS
1	Pumpkin Granola
1	Incaparina
1	dry mix (corn and soy flours)
1	CAP'N CRUNCH'S Halloween Crunch
1	Natural Granola Apple Cranberry Almond
1	Maple Brown Sugar LIFE Cereal
1	Instant Oatmeal Organic
1	fruit and cream
1	variety of flavors
1	pecan bunches
1	CHOCOLATE MARSHMALLOW MATEYS
1	California and Arizona
1	american type (slip skin)
1	red or green (European type
1	such as Thompson seedless)
1	Guava sauce
1	inside
1	variety meats and by-products liver
1	93% lean meat /7% fat
1	trimmed to 1/8"fat
1	candy rolls
1	yogurt-covered
1	fruit flavored with high vitamin C
1	SNICKERS MARATHON Chewy Chocolate Peanut Bar
1	SNICKERS MARATHON MULTIGRAIN CRUNCH BAR
1	Chocolate Almond Snack Bar
1	sweet potato chips
1	made with partially hydrogenated oil
1	SNICKERS MARATHON Protein Performance Bar
1	Caramel Nut Rush
1	LUNA BAR
1	NUTZ OVER CHOCOLATE
1	French onion flavor
1	Harvest Cheddar flavor
1	HAIN CELESTIAL GROUP
1	TERRA CHIPS
1	ZONE PERFECT CLASSIC CRUNCH BAR
1	QUAKER OATMEAL TO GO
1	made from garden vegetables
1	candy bits
1	yogurt covered with vitamin C
1	CLIF BAR
1	90 Calorie Bar
1	GENERAL MILLS NATURE VALLEY
1	SWEET&SALTY NUT
1	with yogurt coating
1	Mixed Berry Bar
1	made from dried potatoes (preformed)
1	gluten- free made with cornstarch and potato flour
1	egg drop
1	hot and sour
1	NOS Zero
1	sugar-free with guarana
1	prepared from item 14028
1	EAS soy protein powder
1	CYTOSPORT
1	whiskey) 80 proof
1	Cran-Energy
1	Cranberry Energy Juice Drink
1	whiskey
1	86 proof
1	Energy Drink with carbonated water and high fructose corn syrup
1	ENSURE
1	Nutritional Shake
1	chocolate powder
1	caffeine free
1	GEROLSTEINER BRUNNEN GmbH & Co. KG
1	Gerolsteiner naturally sparkling mineral water
1	yellow green colored citrus soft drink with caffeine
1	Tropical Colada
1	Coconut water
1	Cabernet Sauvignon
1	Cabernet Franc
1	Pinot Noir
1	Syrah
1	Lemberger
1	Sangiovese
1	Carignane
1	Pinot Gris (Grigio)
1	club soda
1	Semillon
1	ginger ale
1	NESTEA
1	Pinot Blanc
1	Muscat
1	contains caffeine and sweeteners
1	Ruby Red cranberry
1	MOTTS
1	Apple juice light
1	Malt beverage
1	includes non-alcoholic beer
1	Classic Malt powder
1	boston brown
1	enriched (includes corn muffin mix)
1	80% margarine
1	and eggs
1	toasted (includes sourdough)
1	irish soda
1	multi-grain
1	toasted (includes whole-grain)
1	protein (includes gluten)
1	commercially prepared (includes soft bread crumbs)
1	made with nonfat dry milk
1	cherry fudge with chocolate frosting
1	commercially prepared with chocolate frosting
1	creme-filled with chocolate frosting
1	fruitcake
1	shortcake
1	biscuit-type
1	with chocolate frosting
1	with vanilla frosting
1	cake-type (includes trolley cakes)
1	gingersnaps
1	plain or honey (includes cinnamon)
1	with lemon juice and rind
1	regular (includes vanilla)
1	sandwich-type with peanut butter filling
1	rye (includes pumpernickel)
1	rusk toast
1	Cream puff shell
1	plain (includes unsugared
1	old-fashioned)
1	chocolate-coated or frosted
1	with ca prop (includes sourdough)
1	mixed-grain (includes granola)
1	raisin-cinnamon (includes apple-cinnamon)
1	cake or wafer-type
1	rolled-type
1	complete
1	incomplete (includes buttermilk)
1	enriched flour
1	chocolate creme
1	chocolate mousse
1	coconut creme
1	mince
1	hard (includes kaiser)
1	Strudel
1	commercially prepared with raisins
1	fruit (includes apple
1	baking soda
1	cream of tartar
1	compressed
1	active dry
1	toaster-type with raisins
1	ready -to-heat
1	without calcium propionate (includes onion
1	without calcium propionate(includes onion
1	low salt (includes oyster
1	unsalted tops (includes oyster
1	unenriched (includes honey buns)
1	without calcium propionate(includes sourdough)
1	breakfast
1	Sugar Free Oatmeal
1	Chocolate Chip Ice Box
1	Iced Oatmeal
1	Oatmeal Raisin
1	Strawberry Filled
1	Reduced Fat Ginger Snaps
1	Artificial Blueberry Muffin Mix
1	Stove Top Stuffing Mix Chicken Flavor
1	Martha White's Chewy Fudge Brownie Mix
1	Martha White's Buttermilk Biscuit Mix
1	Mission Foods
1	Mission Flour Tortillas
1	Soft Taco
1	8 inch
1	Nabisco Grahams Crackers
1	Nabisco Oreo Crunchies
1	Cookie Crumb Topping
1	sweetened with sodium saccharin
1	lemon-flavored
1	fast-food cola
1	well
1	53 proof
1	coffee with cream
1	34 proof
1	municipal
1	DASANI
1	orange breakfast drink
1	CALISTOGA
1	CRYSTAL GEYSER
1	COCA-COLA
1	lemon-lime flavored
1	Propel Zero
1	fruit-flavored
1	ARIZONA
1	LIPTON BRISK
1	phosphorus
1	without added sodium or vitamin A
1	fruit punch-flavor drink
1	without added sodium
1	jack
1	canned in tomato sauce
1	batter-dipped and fried
1	tuna salad
1	brook
1	New York State
1	plain or vegetarian
1	with beef
1	with franks
1	with pork
1	Vitasoy Organic Creamy Original Soymilk
1	Vitasoy Organic Classic Original Soymilk
1	Vitasoy Light Vanilla Soymilk
1	SILK Plain
1	SILK Vanilla
1	SILK Plus Omega-3 DHA
1	SILK Plus for Bone Health
1	SILK Plus Fiber
1	SILK Unsweetened
1	SILK Coffee
1	SILK Vanilla soy yogurt (family size)
1	SILK Vanilla soy yogurt (single serving size)
1	SILK Plain soy yogurt
1	SILK Strawberry soy yogurt
1	SILK Key Lime soy yogurt
1	SILK Banana-Strawberry soy yogurt
1	SILK Original Creamer
1	SILK French Vanilla Creamer
1	Tofu Plus Firm
1	Vitasoy USA Organic Nasoya Sprouted
1	Tofu Plus Super Firm
1	Extra Firm Tofu
1	Firm Tofu
1	boiled with salt
1	Manzanilla
1	stuffed with pimiento
1	navels
1	bartlett
1	iodized
1	Ketchup
1	egg white
1	egg yolk
1	egg whole
1	fine meal
1	00
1	coarse and semi-coarse
1	fine
1	with added ingredients
1	king oyster
1	crimini
1	beech
1	pioppini
1	Oat milk
1	crumbled
1	Cottage cheese
1	Cream cheese
1	block
1	heavy
1	iceberg
1	romaine
1	old fashioned
1	steel cut
1	gold
1	orange flesh
1	amaranth
1	with additives
1	93% lean/ 7% fat
1	chestnut
1	pumpkin seeds (pepitas)
1	sunflower seed
1	kernel
1	Chickpeas
1	(garbanzo beans
1	light red
1	monterey jack
1	pasteurized process cheese food or product
1	singles
1	oaxaca
1	cotija
1	blue swimming
1	lump
1	bok choy
1	underripe
1	Hass
1	yellow and white kernels
1	Einkorn
1	Farro
1	Fonio
1	Khorasan
1	Kiwifruit (kiwi)
1	Mandarin
1	Tommy Atkins
1	Ataulfo
1	masa harina
1	white or yellow
1	Anjou
1	Sorghum bran
1	short loin (NY strip steak)
1	center cut
1	Anchovies
1	canned in olive oil
1	Pacific or Alaskan
1	tail only
1	Mahi mahi
1	banana or Hungarian wax
1	poblano
1	bay
1	Patagonian
1	sea
1	Chilean
1	Snow crab
1	legs only
1	Squid (calamari)
1	tubes only
1	ahi or yellowfin
1	rind only
1	Alaska Pollock
